Sample_fcm;Platform;Lake;Sample_16S;Season;Month;Year;Fraction;Site;Depth
Z14-1-1_rep1.fcs;Accuri;Inland;Z14-001-F;Summer;June;2014;Free;Bishop;Surface
Z14-1-1_rep2.fcs;Accuri;Inland;Z14-001-F;Summer;June;2014;Free;Bishop;Surface
Z14-1-1_rep3.fcs;Accuri;Inland;Z14-001-F;Summer;June;2014;Free;Bishop;Surface
Z14-2-1_rep1.fcs;Accuri;Inland;Z14-002-F;Summer;June;2015;Free;Bishop;Surface
Z14-2-1_rep2.fcs;Accuri;Inland;Z14-002-F;Summer;June;2015;Free;Bishop;Surface
Z14-2-1_rep3.fcs;Accuri;Inland;Z14-002-F;Summer;June;2015;Free;Bishop;Surface
Z14-3-1_rep1.fcs;Accuri;Inland;Z14-003-F;Summer;June;2015;Free;Bishop;Deep
Z14-3-1_rep2.fcs;Accuri;Inland;Z14-003-F;Summer;June;2015;Free;Bishop;Deep
Z14-3-1_rep3.fcs;Accuri;Inland;Z14-003-F;Summer;June;2015;Free;Bishop;Deep
Z14-4-1_rep1.fcs;Accuri;Inland;Z14-004-F;Summer;June;2015;Free;Bishop;Surface
Z14-4-1_rep2.fcs;Accuri;Inland;Z14-004-F;Summer;June;2015;Free;Bishop;Surface
Z14-4-1_rep3.fcs;Accuri;Inland;Z14-004-F;Summer;June;2015;Free;Bishop;Surface
Z14-5-1_rep1.fcs;Accuri;Inland;Z14-005-F;Summer;June;2015;Free;Woodland;Surface
Z14-5-1_rep2.fcs;Accuri;Inland;Z14-005-F;Summer;June;2015;Free;Woodland;Surface
Z14-5-1_rep3.fcs;Accuri;Inland;Z14-005-F;Summer;June;2015;Free;Woodland;Surface
Z14-6-1_rep1.fcs;Accuri;Inland;Z14-006-F;Summer;June;2015;Free;Woodland;Surface
Z14-6-1_rep2.fcs;Accuri;Inland;Z14-006-F;Summer;June;2015;Free;Woodland;Surface
Z14-6-1_rep3.fcs;Accuri;Inland;Z14-006-F;Summer;June;2015;Free;Woodland;Surface
Z14-7-1_rep1.fcs;Accuri;Inland;Z14-007-F;Summer;June;2015;Free;Woodland;Deep
Z14-7-1_rep2.fcs;Accuri;Inland;Z14-007-F;Summer;June;2015;Free;Woodland;Deep
Z14-7-1_rep3.fcs;Accuri;Inland;Z14-007-F;Summer;June;2015;Free;Woodland;Deep
Z14-8-1_rep1.fcs;Accuri;Inland;Z14-008-F;Summer;June;2015;Free;Woodland;Surface
Z14-8-1_rep2.fcs;Accuri;Inland;Z14-008-F;Summer;June;2015;Free;Woodland;Surface
Z14-8-1_rep3.fcs;Accuri;Inland;Z14-008-F;Summer;June;2015;Free;Woodland;Surface
Z14-9-1_rep1.fcs;Accuri;Inland;Z14-009-F;Summer;June;2015;Free;Big Seven;Surface
Z14-9-1_rep2.fcs;Accuri;Inland;Z14-009-F;Summer;June;2015;Free;Big Seven;Surface
Z14-9-1_rep3.fcs;Accuri;Inland;Z14-009-F;Summer;June;2015;Free;Big Seven;Surface
Z14-10-1_rep1.fcs;Accuri;Inland;Z14-010-F;Summer;June;2015;Free;Big Seven;Surface
Z14-10-1_rep2.fcs;Accuri;Inland;Z14-010-F;Summer;June;2015;Free;Big Seven;Surface
Z14-10-1_rep3.fcs;Accuri;Inland;Z14-010-F;Summer;June;2015;Free;Big Seven;Surface
Z14-11-1_rep1.fcs;Accuri;Inland;Z14-011-F;Summer;June;2015;Free;Big Seven;Deep
Z14-11-1_rep2.fcs;Accuri;Inland;Z14-011-F;Summer;June;2015;Free;Big Seven;Deep
Z14-11-1_rep3.fcs;Accuri;Inland;Z14-011-F;Summer;June;2015;Free;Big Seven;Deep
Z14-12-1_rep1.fcs;Accuri;Inland;Z14-012-F;Summer;June;2015;Free;Big Seven;Surface
Z14-12-1_rep2.fcs;Accuri;Inland;Z14-012-F;Summer;June;2015;Free;Big Seven;Surface
Z14-12-1_rep3.fcs;Accuri;Inland;Z14-012-F;Summer;June;2015;Free;Big Seven;Surface
Z14-13-1_rep1.fcs;Accuri;Inland;Z14-013-F;Summer;June;2015;Free;Heron;Surface
Z14-13-1_rep2.fcs;Accuri;Inland;Z14-013-F;Summer;June;2015;Free;Heron;Surface
Z14-13-1_rep3.fcs;Accuri;Inland;Z14-013-F;Summer;June;2015;Free;Heron;Surface
Z14-14-1_rep1.fcs;Accuri;Inland;Z14-014-F;Summer;June;2015;Free;Heron;Surface
Z14-14-1_rep2.fcs;Accuri;Inland;Z14-014-F;Summer;June;2015;Free;Heron;Surface
Z14-14-1_rep3.fcs;Accuri;Inland;Z14-014-F;Summer;June;2015;Free;Heron;Surface
Z14-15-1_rep1.fcs;Accuri;Inland;Z14-015-F;Summer;June;2015;Free;Heron;Deep
Z14-15-1_rep2.fcs;Accuri;Inland;Z14-015-F;Summer;June;2015;Free;Heron;Deep
Z14-15-1_rep3.fcs;Accuri;Inland;Z14-015-F;Summer;June;2015;Free;Heron;Deep
Z14-16-1_rep1.fcs;Accuri;Inland;Z14-016-F;Summer;June;2015;Free;Heron;Surface
Z14-16-1_rep2.fcs;Accuri;Inland;Z14-016-F;Summer;June;2015;Free;Heron;Surface
Z14-16-1_rep3.fcs;Accuri;Inland;Z14-016-F;Summer;June;2015;Free;Heron;Surface
Z14-17-1_rep1.fcs;Accuri;Inland;Z14-017-F;Summer;June;2015;Free;Lobdell;Surface
Z14-17-1_rep2.fcs;Accuri;Inland;Z14-017-F;Summer;June;2015;Free;Lobdell;Surface
Z14-17-1_rep3.fcs;Accuri;Inland;Z14-017-F;Summer;June;2015;Free;Lobdell;Surface
Z14-18-1_rep1.fcs;Accuri;Inland;Z14-018-F;Summer;June;2015;Free;Lobdell;Surface
Z14-18-1_rep2.fcs;Accuri;Inland;Z14-018-F;Summer;June;2015;Free;Lobdell;Surface
Z14-18-1_rep3.fcs;Accuri;Inland;Z14-018-F;Summer;June;2015;Free;Lobdell;Surface
Z14-19-1_rep1.fcs;Accuri;Inland;Z14-019-F;Summer;June;2015;Free;Lobdell;Deep
Z14-19-1_rep2.fcs;Accuri;Inland;Z14-019-F;Summer;June;2015;Free;Lobdell;Deep
Z14-19-1_rep3.fcs;Accuri;Inland;Z14-019-F;Summer;June;2015;Free;Lobdell;Deep
Z14-20-1_rep1.fcs;Accuri;Inland;Z14-020-F;Summer;June;2015;Free;Lobdell;Surface
Z14-20-1_rep2.fcs;Accuri;Inland;Z14-020-F;Summer;June;2015;Free;Lobdell;Surface
Z14-20-1_rep3.fcs;Accuri;Inland;Z14-020-F;Summer;June;2015;Free;Lobdell;Surface
Z14-21-1_rep1.fcs;Accuri;Inland;Z14-021-F;Summer;June;2015;Free;North;Surface
Z14-21-1_rep2.fcs;Accuri;Inland;Z14-021-F;Summer;June;2015;Free;North;Surface
Z14-21-1_rep3.fcs;Accuri;Inland;Z14-021-F;Summer;June;2015;Free;North;Surface
Z14-22-1_rep1.fcs;Accuri;Inland;Z14-022-F;Summer;June;2015;Free;North;Surface
Z14-22-1_rep2.fcs;Accuri;Inland;Z14-022-F;Summer;June;2015;Free;North;Surface
Z14-22-1_rep3.fcs;Accuri;Inland;Z14-022-F;Summer;June;2015;Free;North;Surface
Z14-23-1_rep1.fcs;Accuri;Inland;Z14-023-F;Summer;June;2015;Free;North;Deep
Z14-23-1_rep2.fcs;Accuri;Inland;Z14-023-F;Summer;June;2015;Free;North;Deep
Z14-23-1_rep3.fcs;Accuri;Inland;Z14-023-F;Summer;June;2015;Free;North;Deep
Z14-24-1_rep1.fcs;Accuri;Inland;Z14-024-F;Summer;June;2015;Free;North;Surface
Z14-24-1_rep2.fcs;Accuri;Inland;Z14-024-F;Summer;June;2015;Free;North;Surface
Z14-24-1_rep3.fcs;Accuri;Inland;Z14-024-F;Summer;June;2015;Free;North;Surface
Z14-25-1_rep1.fcs;Accuri;Inland;Z14-025-F;Summer;June;2015;Free;Bruin;Surface
Z14-25-1_rep2.fcs;Accuri;Inland;Z14-025-F;Summer;June;2015;Free;Bruin;Surface
Z14-25-1_rep3.fcs;Accuri;Inland;Z14-025-F;Summer;June;2015;Free;Bruin;Surface
Z14-26-1_rep1.fcs;Accuri;Inland;Z14-026-F;Summer;June;2015;Free;Bruin;Surface
Z14-26-1_rep2.fcs;Accuri;Inland;Z14-026-F;Summer;June;2015;Free;Bruin;Surface
Z14-26-1_rep3.fcs;Accuri;Inland;Z14-026-F;Summer;June;2015;Free;Bruin;Surface
Z14-27-1_rep1.fcs;Accuri;Inland;Z14-027-F;Summer;June;2015;Free;Bruin;Deep
Z14-27-1_rep2.fcs;Accuri;Inland;Z14-027-F;Summer;June;2015;Free;Bruin;Deep
Z14-27-1_rep3.fcs;Accuri;Inland;Z14-027-F;Summer;June;2015;Free;Bruin;Deep
Z14-28-1_rep1.fcs;Accuri;Inland;Z14-028-F;Summer;June;2015;Free;Bruin;Surface
Z14-28-1_rep2.fcs;Accuri;Inland;Z14-028-F;Summer;June;2015;Free;Bruin;Surface
Z14-28-1_rep3.fcs;Accuri;Inland;Z14-028-F;Summer;June;2015;Free;Bruin;Surface
Z14-29-1_rep1.fcs;Accuri;Inland;Z14-029-F;Summer;June;2015;Free;Halfmoon;Surface
Z14-29-1_rep2.fcs;Accuri;Inland;Z14-029-F;Summer;June;2015;Free;Halfmoon;Surface
Z14-29-1_rep3.fcs;Accuri;Inland;Z14-029-F;Summer;June;2015;Free;Halfmoon;Surface
Z14-30-1_rep1.fcs;Accuri;Inland;Z14-030-F;Summer;June;2015;Free;Halfmoon;Surface
Z14-30-1_rep2.fcs;Accuri;Inland;Z14-030-F;Summer;June;2015;Free;Halfmoon;Surface
Z14-30-1_rep3.fcs;Accuri;Inland;Z14-030-F;Summer;June;2015;Free;Halfmoon;Surface
Z14-31-1_rep1.fcs;Accuri;Inland;Z14-031-F;Summer;June;2015;Free;Halfmoon;Deep
Z14-31-1_rep2.fcs;Accuri;Inland;Z14-031-F;Summer;June;2015;Free;Halfmoon;Deep
Z14-31-1_rep3.fcs;Accuri;Inland;Z14-031-F;Summer;June;2015;Free;Halfmoon;Deep
Z14-32-1_rep1.fcs;Accuri;Inland;Z14-032-F;Summer;June;2015;Free;Halfmoon;Surface
Z14-32-1_rep2.fcs;Accuri;Inland;Z14-032-F;Summer;June;2015;Free;Halfmoon;Surface
Z14-32-1_rep3.fcs;Accuri;Inland;Z14-032-F;Summer;June;2015;Free;Halfmoon;Surface
Z14-33-1_rep1.fcs;Accuri;Inland;Z14-033-F;Summer;June;2015;Free;Cedar;Surface
Z14-33-1_rep2.fcs;Accuri;Inland;Z14-033-F;Summer;June;2015;Free;Cedar;Surface
Z14-33-1_rep3.fcs;Accuri;Inland;Z14-033-F;Summer;June;2015;Free;Cedar;Surface
Z14-34-1_rep1.fcs;Accuri;Inland;Z14-034-F;Summer;June;2015;Free;Cedar;Surface
Z14-34-1_rep2.fcs;Accuri;Inland;Z14-034-F;Summer;June;2015;Free;Cedar;Surface
Z14-34-1_rep3.fcs;Accuri;Inland;Z14-034-F;Summer;June;2015;Free;Cedar;Surface
Z14-35-1_rep1.fcs;Accuri;Inland;Z14-035-F;Summer;June;2015;Free;Cedar;Deep
Z14-35-1_rep2.fcs;Accuri;Inland;Z14-035-F;Summer;June;2015;Free;Cedar;Deep
Z14-35-1_rep3.fcs;Accuri;Inland;Z14-035-F;Summer;June;2015;Free;Cedar;Deep
Z14-36-1_rep1.fcs;Accuri;Inland;Z14-036-F;Summer;June;2015;Free;Cedar;Surface
Z14-36-1_rep2.fcs;Accuri;Inland;Z14-036-F;Summer;June;2015;Free;Cedar;Surface
Z14-36-1_rep3.fcs;Accuri;Inland;Z14-036-F;Summer;June;2015;Free;Cedar;Surface
Z14-37-1_rep1.fcs;Accuri;Inland;Z14-037-F;Summer;June;2015;Free;Sand;Surface
Z14-37-1_rep2.fcs;Accuri;Inland;Z14-037-F;Summer;June;2015;Free;Sand;Surface
Z14-37-1_rep3.fcs;Accuri;Inland;Z14-037-F;Summer;June;2015;Free;Sand;Surface
Z14-38-1_rep1.fcs;Accuri;Inland;Z14-038-F;Summer;June;2015;Free;Sand;Surface
Z14-38-1_rep2.fcs;Accuri;Inland;Z14-038-F;Summer;June;2015;Free;Sand;Surface
Z14-38-1_rep3.fcs;Accuri;Inland;Z14-038-F;Summer;June;2015;Free;Sand;Surface
Z14-39-1_rep1.fcs;Accuri;Inland;Z14-039-F;Summer;June;2015;Free;Sand;Deep
Z14-39-1_rep2.fcs;Accuri;Inland;Z14-039-F;Summer;June;2015;Free;Sand;Deep
Z14-39-1_rep3.fcs;Accuri;Inland;Z14-039-F;Summer;June;2015;Free;Sand;Deep
Z14-40-1_rep1.fcs;Accuri;Inland;Z14-040-F;Summer;June;2015;Free;Sand;Surface
Z14-40-1_rep2.fcs;Accuri;Inland;Z14-040-F;Summer;June;2015;Free;Sand;Surface
Z14-40-1_rep3.fcs;Accuri;Inland;Z14-040-F;Summer;June;2015;Free;Sand;Surface
Z14-41-1_rep1.fcs;Accuri;Inland;Z14-041-F;Summer;June;2015;Free;Whitmore;Surface
Z14-41-1_rep2.fcs;Accuri;Inland;Z14-041-F;Summer;June;2015;Free;Whitmore;Surface
Z14-41-1_rep3.fcs;Accuri;Inland;Z14-041-F;Summer;June;2015;Free;Whitmore;Surface
Z14-42-1_rep1.fcs;Accuri;Inland;Z14-042-F;Summer;June;2015;Free;Whitmore;Surface
Z14-42-1_rep2.fcs;Accuri;Inland;Z14-042-F;Summer;June;2015;Free;Whitmore;Surface
Z14-42-1_rep3.fcs;Accuri;Inland;Z14-042-F;Summer;June;2015;Free;Whitmore;Surface
Z14-43-1_rep1.fcs;Accuri;Inland;Z14-043-F;Summer;June;2015;Free;Whitmore;Deep
Z14-43-1_rep2.fcs;Accuri;Inland;Z14-043-F;Summer;June;2015;Free;Whitmore;Deep
Z14-43-1_rep3.fcs;Accuri;Inland;Z14-043-F;Summer;June;2015;Free;Whitmore;Deep
Z14-44-1_rep1.fcs;Accuri;Inland;Z14-044-F;Summer;June;2015;Free;Whitmore;Surface
Z14-44-1_rep2.fcs;Accuri;Inland;Z14-044-F;Summer;June;2015;Free;Whitmore;Surface
Z14-44-1_rep3.fcs;Accuri;Inland;Z14-044-F;Summer;June;2015;Free;Whitmore;Surface
Z14-45-1_rep1.fcs;Accuri;Inland;Z14-045-F;Summer;June;2015;Free;Independence;Surface
Z14-45-1_rep2.fcs;Accuri;Inland;Z14-045-F;Summer;June;2015;Free;Independence;Surface
Z14-45-1_rep3.fcs;Accuri;Inland;Z14-045-F;Summer;June;2015;Free;Independence;Surface
Z14-46-1_rep1.fcs;Accuri;Inland;Z14-046-F;Summer;June;2015;Free;Independence;Surface
Z14-46-1_rep2.fcs;Accuri;Inland;Z14-046-F;Summer;June;2015;Free;Independence;Surface
Z14-46-1_rep3.fcs;Accuri;Inland;Z14-046-F;Summer;June;2015;Free;Independence;Surface
Z14-47-1_rep1.fcs;Accuri;Inland;Z14-047-F;Summer;June;2015;Free;Independence;Deep
Z14-47-1_rep2.fcs;Accuri;Inland;Z14-047-F;Summer;June;2015;Free;Independence;Deep
Z14-47-1_rep3.fcs;Accuri;Inland;Z14-047-F;Summer;June;2015;Free;Independence;Deep
Z14-48-1_rep1.fcs;Accuri;Inland;Z14-048-F;Summer;June;2015;Free;Independence;Surface
Z14-48-1_rep2.fcs;Accuri;Inland;Z14-048-F;Summer;June;2015;Free;Independence;Surface
Z14-48-1_rep3.fcs;Accuri;Inland;Z14-048-F;Summer;June;2015;Free;Independence;Surface
Z14-50-1_rep1.fcs;Accuri;Inland;Z14-050-F;Fall;October;2015;Free;North;Surface
Z14-50-1_rep2.fcs;Accuri;Inland;Z14-050-F;Fall;October;2015;Free;North;Surface
Z14-50-1_rep3.fcs;Accuri;Inland;Z14-050-F;Fall;October;2015;Free;North;Surface
Z14-51-1_rep1.fcs;Accuri;Inland;Z14-051-F;Fall;October;2014;Free;North;Deep
Z14-51-1_rep2.fcs;Accuri;Inland;Z14-051-F;Fall;October;2014;Free;North;Deep
Z14-51-1_rep3.fcs;Accuri;Inland;Z14-051-F;Fall;October;2014;Free;North;Deep
Z14-53-1_rep1.fcs;Accuri;Inland;Z14-053-F;Fall;October;2014;Free;Bruin;Surface
Z14-53-1_rep2.fcs;Accuri;Inland;Z14-053-F;Fall;October;2014;Free;Bruin;Surface
Z14-53-1_rep3.fcs;Accuri;Inland;Z14-053-F;Fall;October;2014;Free;Bruin;Surface
Z14-55-1_rep1.fcs;Accuri;Inland;Z14-055-F;Fall;October;2014;Free;Bruin;Deep
Z14-55-1_rep2.fcs;Accuri;Inland;Z14-055-F;Fall;October;2014;Free;Bruin;Deep
Z14-55-1_rep3.fcs;Accuri;Inland;Z14-055-F;Fall;October;2014;Free;Bruin;Deep
Z14-57-1_rep1.fcs;Accuri;Inland;Z14-057-F;Fall;October;2014;Free;Whitmore;Surface
Z14-57-1_rep2.fcs;Accuri;Inland;Z14-057-F;Fall;October;2014;Free;Whitmore;Surface
Z14-57-1_rep3.fcs;Accuri;Inland;Z14-057-F;Fall;October;2014;Free;Whitmore;Surface
Z14-59-1_rep1.fcs;Accuri;Inland;Z14-059-F;Fall;October;2014;Free;Whitmore;Deep
Z14-59-1_rep2.fcs;Accuri;Inland;Z14-059-F;Fall;October;2014;Free;Whitmore;Deep
Z14-59-1_rep3.fcs;Accuri;Inland;Z14-059-F;Fall;October;2014;Free;Whitmore;Deep
Z14-61-1_rep1.fcs;Accuri;Inland;Z14-061-F;Fall;October;2014;Free;Independence;Surface
Z14-61-1_rep2.fcs;Accuri;Inland;Z14-061-F;Fall;October;2014;Free;Independence;Surface
Z14-61-1_rep3.fcs;Accuri;Inland;Z14-061-F;Fall;October;2014;Free;Independence;Surface
Z14-63-1_rep1.fcs;Accuri;Inland;Z14-063-F;Fall;October;2014;Free;Independence;Deep
Z14-63-1_rep2.fcs;Accuri;Inland;Z14-063-F;Fall;October;2014;Free;Independence;Deep
Z14-63-1_rep3.fcs;Accuri;Inland;Z14-063-F;Fall;October;2014;Free;Independence;Deep
Z14-65-1_rep1.fcs;Accuri;Inland;Z15-065-F;Spring;April;2015;Free;North;Surface
Z14-65-1_rep2.fcs;Accuri;Inland;Z15-065-F;Spring;April;2015;Free;North;Surface
Z14-65-1_rep3.fcs;Accuri;Inland;Z15-065-F;Spring;April;2015;Free;North;Surface
Z14-67-1_rep1.fcs;Accuri;Inland;Z15-067-F;Spring;April;2015;Free;North;Deep
Z14-67-1_rep2.fcs;Accuri;Inland;Z15-067-F;Spring;April;2015;Free;North;Deep
Z14-67-1_rep3.fcs;Accuri;Inland;Z15-067-F;Spring;April;2015;Free;North;Deep
Z14-69-1_rep1.fcs;Accuri;Inland;Z15-069-F;Spring;April;2015;Free;Bruin;Surface
Z14-69-1_rep2.fcs;Accuri;Inland;Z15-069-F;Spring;April;2015;Free;Bruin;Surface
Z14-69-1_rep3.fcs;Accuri;Inland;Z15-069-F;Spring;April;2015;Free;Bruin;Surface
Z14-71-1_rep1.fcs;Accuri;Inland;Z15-071-F;Spring;April;2015;Free;Bruin;Deep
Z14-71-1_rep2.fcs;Accuri;Inland;Z15-071-F;Spring;April;2015;Free;Bruin;Deep
Z14-71-1_rep3.fcs;Accuri;Inland;Z15-071-F;Spring;April;2015;Free;Bruin;Deep
Z14-73-1_rep1.fcs;Accuri;Inland;Z15-073-F;Spring;April;2015;Free;Whitmore;Surface
Z14-73-1_rep2.fcs;Accuri;Inland;Z15-073-F;Spring;April;2015;Free;Whitmore;Surface
Z14-73-1_rep3.fcs;Accuri;Inland;Z15-073-F;Spring;April;2015;Free;Whitmore;Surface
Z14-75-1_rep1.fcs;Accuri;Inland;Z15-075-F;Spring;April;2015;Free;Whitmore;Deep
Z14-75-1_rep2.fcs;Accuri;Inland;Z15-075-F;Spring;April;2015;Free;Whitmore;Deep
Z14-75-1_rep3.fcs;Accuri;Inland;Z15-075-F;Spring;April;2015;Free;Whitmore;Deep
Z14-77-1_rep1.fcs;Accuri;Inland;Z15-077-F;Spring;April;2015;Free;Independence;Surface
Z14-77-1_rep2.fcs;Accuri;Inland;Z15-077-F;Spring;April;2015;Free;Independence;Surface
Z14-77-1_rep3.fcs;Accuri;Inland;Z15-077-F;Spring;April;2015;Free;Independence;Surface
Z14-79-1_rep1.fcs;Accuri;Inland;Z15-079-F;Spring;April;2015;Free;Independence;Deep
Z14-79-1_rep2.fcs;Accuri;Inland;Z15-079-F;Spring;April;2015;Free;Independence;Deep
Z14-79-1_rep3.fcs;Accuri;Inland;Z15-079-F;Spring;April;2015;Free;Independence;Deep
Z14-1-1_rep4.fcs;FACS;Inland;Z14-001-F;Summer;June;2014;Free;Bishop;Surface
Z14-1-1_rep5.fcs;FACS;Inland;Z14-001-F;Summer;June;2014;Free;Bishop;Surface
Z14-1-1_rep6.fcs;FACS;Inland;Z14-001-F;Summer;June;2014;Free;Bishop;Surface
Z14-2-1_rep4.fcs;FACS;Inland;Z14-002-F;Summer;June;2015;Free;Bishop;Surface
Z14-2-1_rep5.fcs;FACS;Inland;Z14-002-F;Summer;June;2015;Free;Bishop;Surface
Z14-2-1_rep6.fcs;FACS;Inland;Z14-002-F;Summer;June;2015;Free;Bishop;Surface
Z14-3-1_rep4.fcs;FACS;Inland;Z14-003-F;Summer;June;2015;Free;Bishop;Deep
Z14-3-1_rep5.fcs;FACS;Inland;Z14-003-F;Summer;June;2015;Free;Bishop;Deep
Z14-3-1_rep6.fcs;FACS;Inland;Z14-003-F;Summer;June;2015;Free;Bishop;Deep
Z14-4-1_rep4.fcs;FACS;Inland;Z14-004-F;Summer;June;2015;Free;Bishop;Surface
Z14-4-1_rep5.fcs;FACS;Inland;Z14-004-F;Summer;June;2015;Free;Bishop;Surface
Z14-4-1_rep6.fcs;FACS;Inland;Z14-004-F;Summer;June;2015;Free;Bishop;Surface
Z14-5-1_rep4.fcs;FACS;Inland;Z14-005-F;Summer;June;2015;Free;Woodland;Surface
Z14-5-1_rep5.fcs;FACS;Inland;Z14-005-F;Summer;June;2015;Free;Woodland;Surface
Z14-5-1_rep6.fcs;FACS;Inland;Z14-005-F;Summer;June;2015;Free;Woodland;Surface
Z14-6-1_rep4.fcs;FACS;Inland;Z14-006-F;Summer;June;2015;Free;Woodland;Surface
Z14-6-1_rep5.fcs;FACS;Inland;Z14-006-F;Summer;June;2015;Free;Woodland;Surface
Z14-6-1_rep6.fcs;FACS;Inland;Z14-006-F;Summer;June;2015;Free;Woodland;Surface
Z14-7-1_rep4.fcs;FACS;Inland;Z14-007-F;Summer;June;2015;Free;Woodland;Deep
Z14-7-1_rep5.fcs;FACS;Inland;Z14-007-F;Summer;June;2015;Free;Woodland;Deep
Z14-7-1_rep6.fcs;FACS;Inland;Z14-007-F;Summer;June;2015;Free;Woodland;Deep
Z14-8-1_rep4.fcs;FACS;Inland;Z14-008-F;Summer;June;2015;Free;Woodland;Surface
Z14-8-1_rep5.fcs;FACS;Inland;Z14-008-F;Summer;June;2015;Free;Woodland;Surface
Z14-8-1_rep6.fcs;FACS;Inland;Z14-008-F;Summer;June;2015;Free;Woodland;Surface
Z14-9-1_rep4.fcs;FACS;Inland;Z14-009-F;Summer;June;2015;Free;Big Seven;Surface
Z14-9-1_rep5.fcs;FACS;Inland;Z14-009-F;Summer;June;2015;Free;Big Seven;Surface
Z14-9-1_rep6.fcs;FACS;Inland;Z14-009-F;Summer;June;2015;Free;Big Seven;Surface
Z14-10-1_rep4.fcs;FACS;Inland;Z14-010-F;Summer;June;2015;Free;Big Seven;Surface
Z14-10-1_rep5.fcs;FACS;Inland;Z14-010-F;Summer;June;2015;Free;Big Seven;Surface
Z14-10-1_rep6.fcs;FACS;Inland;Z14-010-F;Summer;June;2015;Free;Big Seven;Surface
Z14-11-1_rep4.fcs;FACS;Inland;Z14-011-F;Summer;June;2015;Free;Big Seven;Deep
Z14-11-1_rep5.fcs;FACS;Inland;Z14-011-F;Summer;June;2015;Free;Big Seven;Deep
Z14-11-1_rep6.fcs;FACS;Inland;Z14-011-F;Summer;June;2015;Free;Big Seven;Deep
Z14-12-1_rep4.fcs;FACS;Inland;Z14-012-F;Summer;June;2015;Free;Big Seven;Surface
Z14-12-1_rep5.fcs;FACS;Inland;Z14-012-F;Summer;June;2015;Free;Big Seven;Surface
Z14-12-1_rep6.fcs;FACS;Inland;Z14-012-F;Summer;June;2015;Free;Big Seven;Surface
Z14-13-1_rep4.fcs;FACS;Inland;Z14-013-F;Summer;June;2015;Free;Heron;Surface
Z14-13-1_rep5.fcs;FACS;Inland;Z14-013-F;Summer;June;2015;Free;Heron;Surface
Z14-13-1_rep6.fcs;FACS;Inland;Z14-013-F;Summer;June;2015;Free;Heron;Surface
Z14-14-1_rep4.fcs;FACS;Inland;Z14-014-F;Summer;June;2015;Free;Heron;Surface
Z14-14-1_rep5.fcs;FACS;Inland;Z14-014-F;Summer;June;2015;Free;Heron;Surface
Z14-14-1_rep6.fcs;FACS;Inland;Z14-014-F;Summer;June;2015;Free;Heron;Surface
Z14-15-1_rep4.fcs;FACS;Inland;Z14-015-F;Summer;June;2015;Free;Heron;Deep
Z14-15-1_rep5.fcs;FACS;Inland;Z14-015-F;Summer;June;2015;Free;Heron;Deep
Z14-15-1_rep6.fcs;FACS;Inland;Z14-015-F;Summer;June;2015;Free;Heron;Deep
Z14-16-1_rep4.fcs;FACS;Inland;Z14-016-F;Summer;June;2015;Free;Heron;Surface
Z14-16-1_rep5.fcs;FACS;Inland;Z14-016-F;Summer;June;2015;Free;Heron;Surface
Z14-16-1_rep6.fcs;FACS;Inland;Z14-016-F;Summer;June;2015;Free;Heron;Surface
Z14-17-1_rep4.fcs;FACS;Inland;Z14-017-F;Summer;June;2015;Free;Lobdell;Surface
Z14-17-1_rep5.fcs;FACS;Inland;Z14-017-F;Summer;June;2015;Free;Lobdell;Surface
Z14-17-1_rep6.fcs;FACS;Inland;Z14-017-F;Summer;June;2015;Free;Lobdell;Surface
Z14-18-1_rep4.fcs;FACS;Inland;Z14-018-F;Summer;June;2015;Free;Lobdell;Surface
Z14-18-1_rep5.fcs;FACS;Inland;Z14-018-F;Summer;June;2015;Free;Lobdell;Surface
Z14-18-1_rep6.fcs;FACS;Inland;Z14-018-F;Summer;June;2015;Free;Lobdell;Surface
Z14-19-1_rep4.fcs;FACS;Inland;Z14-019-F;Summer;June;2015;Free;Lobdell;Deep
Z14-19-1_rep5.fcs;FACS;Inland;Z14-019-F;Summer;June;2015;Free;Lobdell;Deep
Z14-19-1_rep6.fcs;FACS;Inland;Z14-019-F;Summer;June;2015;Free;Lobdell;Deep
Z14-20-1_rep4.fcs;FACS;Inland;Z14-020-F;Summer;June;2015;Free;Lobdell;Surface
Z14-20-1_rep5.fcs;FACS;Inland;Z14-020-F;Summer;June;2015;Free;Lobdell;Surface
Z14-20-1_rep6.fcs;FACS;Inland;Z14-020-F;Summer;June;2015;Free;Lobdell;Surface
Z14-21-1_rep4.fcs;FACS;Inland;Z14-021-F;Summer;June;2015;Free;North;Surface
Z14-21-1_rep5.fcs;FACS;Inland;Z14-021-F;Summer;June;2015;Free;North;Surface
Z14-21-1_rep6.fcs;FACS;Inland;Z14-021-F;Summer;June;2015;Free;North;Surface
Z14-22-1_rep4.fcs;FACS;Inland;Z14-022-F;Summer;June;2015;Free;North;Surface
Z14-22-1_rep5.fcs;FACS;Inland;Z14-022-F;Summer;June;2015;Free;North;Surface
Z14-22-1_rep6.fcs;FACS;Inland;Z14-022-F;Summer;June;2015;Free;North;Surface
Z14-23-1_rep4.fcs;FACS;Inland;Z14-023-F;Summer;June;2015;Free;North;Deep
Z14-23-1_rep5.fcs;FACS;Inland;Z14-023-F;Summer;June;2015;Free;North;Deep
Z14-23-1_rep6.fcs;FACS;Inland;Z14-023-F;Summer;June;2015;Free;North;Deep
Z14-24-1_rep4.fcs;FACS;Inland;Z14-024-F;Summer;June;2015;Free;North;Surface
Z14-24-1_rep5.fcs;FACS;Inland;Z14-024-F;Summer;June;2015;Free;North;Surface
Z14-24-1_rep6.fcs;FACS;Inland;Z14-024-F;Summer;June;2015;Free;North;Surface
Z14-25-1_rep4.fcs;FACS;Inland;Z14-025-F;Summer;June;2015;Free;Bruin;Surface
Z14-25-1_rep5.fcs;FACS;Inland;Z14-025-F;Summer;June;2015;Free;Bruin;Surface
Z14-25-1_rep6.fcs;FACS;Inland;Z14-025-F;Summer;June;2015;Free;Bruin;Surface
Z14-26-1_rep4.fcs;FACS;Inland;Z14-026-F;Summer;June;2015;Free;Bruin;Surface
Z14-26-1_rep5.fcs;FACS;Inland;Z14-026-F;Summer;June;2015;Free;Bruin;Surface
Z14-26-1_rep6.fcs;FACS;Inland;Z14-026-F;Summer;June;2015;Free;Bruin;Surface
Z14-27-1_rep4.fcs;FACS;Inland;Z14-027-F;Summer;June;2015;Free;Bruin;Deep
Z14-27-1_rep5.fcs;FACS;Inland;Z14-027-F;Summer;June;2015;Free;Bruin;Deep
Z14-27-1_rep6.fcs;FACS;Inland;Z14-027-F;Summer;June;2015;Free;Bruin;Deep
Z14-28-1_rep4.fcs;FACS;Inland;Z14-028-F;Summer;June;2015;Free;Bruin;Surface
Z14-28-1_rep5.fcs;FACS;Inland;Z14-028-F;Summer;June;2015;Free;Bruin;Surface
Z14-28-1_rep6.fcs;FACS;Inland;Z14-028-F;Summer;June;2015;Free;Bruin;Surface
Z14-29-1_rep4.fcs;FACS;Inland;Z14-029-F;Summer;June;2015;Free;Halfmoon;Surface
Z14-29-1_rep5.fcs;FACS;Inland;Z14-029-F;Summer;June;2015;Free;Halfmoon;Surface
Z14-29-1_rep6.fcs;FACS;Inland;Z14-029-F;Summer;June;2015;Free;Halfmoon;Surface
Z14-30-1_rep4.fcs;FACS;Inland;Z14-030-F;Summer;June;2015;Free;Halfmoon;Surface
Z14-30-1_rep5.fcs;FACS;Inland;Z14-030-F;Summer;June;2015;Free;Halfmoon;Surface
Z14-30-1_rep6.fcs;FACS;Inland;Z14-030-F;Summer;June;2015;Free;Halfmoon;Surface
Z14-31-1_rep4.fcs;FACS;Inland;Z14-031-F;Summer;June;2015;Free;Halfmoon;Deep
Z14-31-1_rep5.fcs;FACS;Inland;Z14-031-F;Summer;June;2015;Free;Halfmoon;Deep
Z14-31-1_rep6.fcs;FACS;Inland;Z14-031-F;Summer;June;2015;Free;Halfmoon;Deep
Z14-32-1_rep4.fcs;FACS;Inland;Z14-032-F;Summer;June;2015;Free;Halfmoon;Surface
Z14-32-1_rep5.fcs;FACS;Inland;Z14-032-F;Summer;June;2015;Free;Halfmoon;Surface
Z14-32-1_rep6.fcs;FACS;Inland;Z14-032-F;Summer;June;2015;Free;Halfmoon;Surface
Z14-33-1_rep4.fcs;FACS;Inland;Z14-033-F;Summer;June;2015;Free;Cedar;Surface
Z14-33-1_rep5.fcs;FACS;Inland;Z14-033-F;Summer;June;2015;Free;Cedar;Surface
Z14-33-1_rep6.fcs;FACS;Inland;Z14-033-F;Summer;June;2015;Free;Cedar;Surface
Z14-34-1_rep4.fcs;FACS;Inland;Z14-034-F;Summer;June;2015;Free;Cedar;Surface
Z14-34-1_rep5.fcs;FACS;Inland;Z14-034-F;Summer;June;2015;Free;Cedar;Surface
Z14-34-1_rep6.fcs;FACS;Inland;Z14-034-F;Summer;June;2015;Free;Cedar;Surface
Z14-35-1_rep4.fcs;FACS;Inland;Z14-035-F;Summer;June;2015;Free;Cedar;Deep
Z14-35-1_rep5.fcs;FACS;Inland;Z14-035-F;Summer;June;2015;Free;Cedar;Deep
Z14-35-1_rep6.fcs;FACS;Inland;Z14-035-F;Summer;June;2015;Free;Cedar;Deep
Z14-36-1_rep4.fcs;FACS;Inland;Z14-036-F;Summer;June;2015;Free;Cedar;Surface
Z14-36-1_rep5.fcs;FACS;Inland;Z14-036-F;Summer;June;2015;Free;Cedar;Surface
Z14-36-1_rep6.fcs;FACS;Inland;Z14-036-F;Summer;June;2015;Free;Cedar;Surface
Z14-37-1_rep4.fcs;FACS;Inland;Z14-037-F;Summer;June;2015;Free;Sand;Surface
Z14-37-1_rep5.fcs;FACS;Inland;Z14-037-F;Summer;June;2015;Free;Sand;Surface
Z14-37-1_rep6.fcs;FACS;Inland;Z14-037-F;Summer;June;2015;Free;Sand;Surface
Z14-38-1_rep4.fcs;FACS;Inland;Z14-038-F;Summer;June;2015;Free;Sand;Surface
Z14-38-1_rep5.fcs;FACS;Inland;Z14-038-F;Summer;June;2015;Free;Sand;Surface
Z14-38-1_rep6.fcs;FACS;Inland;Z14-038-F;Summer;June;2015;Free;Sand;Surface
Z14-39-1_rep4.fcs;FACS;Inland;Z14-039-F;Summer;June;2015;Free;Sand;Deep
Z14-39-1_rep5.fcs;FACS;Inland;Z14-039-F;Summer;June;2015;Free;Sand;Deep
Z14-39-1_rep6.fcs;FACS;Inland;Z14-039-F;Summer;June;2015;Free;Sand;Deep
Z14-40-1_rep4.fcs;FACS;Inland;Z14-040-F;Summer;June;2015;Free;Sand;Surface
Z14-40-1_rep5.fcs;FACS;Inland;Z14-040-F;Summer;June;2015;Free;Sand;Surface
Z14-40-1_rep6.fcs;FACS;Inland;Z14-040-F;Summer;June;2015;Free;Sand;Surface
Z14-41-1_rep4.fcs;FACS;Inland;Z14-041-F;Summer;June;2015;Free;Whitmore;Surface
Z14-41-1_rep5.fcs;FACS;Inland;Z14-041-F;Summer;June;2015;Free;Whitmore;Surface
Z14-41-1_rep6.fcs;FACS;Inland;Z14-041-F;Summer;June;2015;Free;Whitmore;Surface
Z14-42-1_rep4.fcs;FACS;Inland;Z14-042-F;Summer;June;2015;Free;Whitmore;Surface
Z14-42-1_rep5.fcs;FACS;Inland;Z14-042-F;Summer;June;2015;Free;Whitmore;Surface
Z14-42-1_rep6.fcs;FACS;Inland;Z14-042-F;Summer;June;2015;Free;Whitmore;Surface
Z14-43-1_rep4.fcs;FACS;Inland;Z14-043-F;Summer;June;2015;Free;Whitmore;Deep
Z14-43-1_rep5.fcs;FACS;Inland;Z14-043-F;Summer;June;2015;Free;Whitmore;Deep
Z14-43-1_rep6.fcs;FACS;Inland;Z14-043-F;Summer;June;2015;Free;Whitmore;Deep
Z14-44-1_rep4.fcs;FACS;Inland;Z14-044-F;Summer;June;2015;Free;Whitmore;Surface
Z14-44-1_rep5.fcs;FACS;Inland;Z14-044-F;Summer;June;2015;Free;Whitmore;Surface
Z14-44-1_rep6.fcs;FACS;Inland;Z14-044-F;Summer;June;2015;Free;Whitmore;Surface
Z14-45-1_rep4.fcs;FACS;Inland;Z14-045-F;Summer;June;2015;Free;Independence;Surface
Z14-45-1_rep5.fcs;FACS;Inland;Z14-045-F;Summer;June;2015;Free;Independence;Surface
Z14-45-1_rep6.fcs;FACS;Inland;Z14-045-F;Summer;June;2015;Free;Independence;Surface
Z14-46-1_rep4.fcs;FACS;Inland;Z14-046-F;Summer;June;2015;Free;Independence;Surface
Z14-46-1_rep5.fcs;FACS;Inland;Z14-046-F;Summer;June;2015;Free;Independence;Surface
Z14-46-1_rep6.fcs;FACS;Inland;Z14-046-F;Summer;June;2015;Free;Independence;Surface
Z14-47-1_rep4.fcs;FACS;Inland;Z14-047-F;Summer;June;2015;Free;Independence;Deep
Z14-47-1_rep5.fcs;FACS;Inland;Z14-047-F;Summer;June;2015;Free;Independence;Deep
Z14-47-1_rep6.fcs;FACS;Inland;Z14-047-F;Summer;June;2015;Free;Independence;Deep
Z14-48-1_rep4.fcs;FACS;Inland;Z14-048-F;Summer;June;2015;Free;Independence;Surface
Z14-48-1_rep5.fcs;FACS;Inland;Z14-048-F;Summer;June;2015;Free;Independence;Surface
Z14-48-1_rep6.fcs;FACS;Inland;Z14-048-F;Summer;June;2015;Free;Independence;Surface
Z14-50-1_rep4.fcs;FACS;Inland;Z14-050-F;Fall;October;2015;Free;North;Surface
Z14-50-1_rep5.fcs;FACS;Inland;Z14-050-F;Fall;October;2015;Free;North;Surface
Z14-50-1_rep6.fcs;FACS;Inland;Z14-050-F;Fall;October;2015;Free;North;Surface
Z14-51-1_rep4.fcs;FACS;Inland;Z14-051-F;Fall;October;2014;Free;North;Deep
Z14-51-1_rep5.fcs;FACS;Inland;Z14-051-F;Fall;October;2014;Free;North;Deep
Z14-51-1_rep6.fcs;FACS;Inland;Z14-051-F;Fall;October;2014;Free;North;Deep
Z14-53-1_rep4.fcs;FACS;Inland;Z14-053-F;Fall;October;2014;Free;Bruin;Surface
Z14-53-1_rep5.fcs;FACS;Inland;Z14-053-F;Fall;October;2014;Free;Bruin;Surface
Z14-53-1_rep6.fcs;FACS;Inland;Z14-053-F;Fall;October;2014;Free;Bruin;Surface
Z14-55-1_rep4.fcs;FACS;Inland;Z14-055-F;Fall;October;2014;Free;Bruin;Deep
Z14-55-1_rep5.fcs;FACS;Inland;Z14-055-F;Fall;October;2014;Free;Bruin;Deep
Z14-55-1_rep6.fcs;FACS;Inland;Z14-055-F;Fall;October;2014;Free;Bruin;Deep
Z14-57-1_rep4.fcs;FACS;Inland;Z14-057-F;Fall;October;2014;Free;Whitmore;Surface
Z14-57-1_rep5.fcs;FACS;Inland;Z14-057-F;Fall;October;2014;Free;Whitmore;Surface
Z14-57-1_rep6.fcs;FACS;Inland;Z14-057-F;Fall;October;2014;Free;Whitmore;Surface
Z14-59-1_rep4.fcs;FACS;Inland;Z14-059-F;Fall;October;2014;Free;Whitmore;Deep
Z14-59-1_rep5.fcs;FACS;Inland;Z14-059-F;Fall;October;2014;Free;Whitmore;Deep
Z14-59-1_rep6.fcs;FACS;Inland;Z14-059-F;Fall;October;2014;Free;Whitmore;Deep
Z14-61-1_rep4.fcs;FACS;Inland;Z14-061-F;Fall;October;2014;Free;Independence;Surface
Z14-61-1_rep5.fcs;FACS;Inland;Z14-061-F;Fall;October;2014;Free;Independence;Surface
Z14-61-1_rep6.fcs;FACS;Inland;Z14-061-F;Fall;October;2014;Free;Independence;Surface
Z14-63-1_rep4.fcs;FACS;Inland;Z14-063-F;Fall;October;2014;Free;Independence;Deep
Z14-63-1_rep5.fcs;FACS;Inland;Z14-063-F;Fall;October;2014;Free;Independence;Deep
Z14-63-1_rep6.fcs;FACS;Inland;Z14-063-F;Fall;October;2014;Free;Independence;Deep
Z14-65-1_rep4.fcs;FACS;Inland;Z15-065-F;Spring;April;2015;Free;North;Surface
Z14-65-1_rep5.fcs;FACS;Inland;Z15-065-F;Spring;April;2015;Free;North;Surface
Z14-65-1_rep6.fcs;FACS;Inland;Z15-065-F;Spring;April;2015;Free;North;Surface
Z14-67-1_rep4.fcs;FACS;Inland;Z15-067-F;Spring;April;2015;Free;North;Deep
Z14-67-1_rep5.fcs;FACS;Inland;Z15-067-F;Spring;April;2015;Free;North;Deep
Z14-67-1_rep6.fcs;FACS;Inland;Z15-067-F;Spring;April;2015;Free;North;Deep
Z14-69-1_rep4.fcs;FACS;Inland;Z15-069-F;Spring;April;2015;Free;Bruin;Surface
Z14-69-1_rep5.fcs;FACS;Inland;Z15-069-F;Spring;April;2015;Free;Bruin;Surface
Z14-69-1_rep6.fcs;FACS;Inland;Z15-069-F;Spring;April;2015;Free;Bruin;Surface
Z14-71-1_rep4.fcs;FACS;Inland;Z15-071-F;Spring;April;2015;Free;Bruin;Deep
Z14-71-1_rep5.fcs;FACS;Inland;Z15-071-F;Spring;April;2015;Free;Bruin;Deep
Z14-71-1_rep6.fcs;FACS;Inland;Z15-071-F;Spring;April;2015;Free;Bruin;Deep
Z14-73-1_rep4.fcs;FACS;Inland;Z15-073-F;Spring;April;2015;Free;Whitmore;Surface
Z14-73-1_rep5.fcs;FACS;Inland;Z15-073-F;Spring;April;2015;Free;Whitmore;Surface
Z14-73-1_rep6.fcs;FACS;Inland;Z15-073-F;Spring;April;2015;Free;Whitmore;Surface
Z14-75-1_rep4.fcs;FACS;Inland;Z15-075-F;Spring;April;2015;Free;Whitmore;Deep
Z14-75-1_rep5.fcs;FACS;Inland;Z15-075-F;Spring;April;2015;Free;Whitmore;Deep
Z14-75-1_rep6.fcs;FACS;Inland;Z15-075-F;Spring;April;2015;Free;Whitmore;Deep
Z14-77-1_rep4.fcs;FACS;Inland;Z15-077-F;Spring;April;2015;Free;Independence;Surface
Z14-77-1_rep5.fcs;FACS;Inland;Z15-077-F;Spring;April;2015;Free;Independence;Surface
Z14-77-1_rep6.fcs;FACS;Inland;Z15-077-F;Spring;April;2015;Free;Independence;Surface
Z14-79-1_rep4.fcs;FACS;Inland;Z15-079-F;Spring;April;2015;Free;Independence;Deep
Z14-79-1_rep5.fcs;FACS;Inland;Z15-079-F;Spring;April;2015;Free;Independence;Deep
Z14-79-1_rep6.fcs;FACS;Inland;Z15-079-F;Spring;April;2015;Free;Independence;Deep
MLB-D-D_July_rep1.fcs;Accuri;Michigan;Su13.BD.MLB.DD.1;Summer;July;2013;Free;MLB;Deep
MLB-D-D_July_rep2.fcs;Accuri;Michigan;Su13.BD.MLB.DD.1;Summer;July;2013;Free;MLB;Deep
MLB-D-D_July_rep3.fcs;Accuri;Michigan;Su13.BD.MLB.DD.1;Summer;July;2013;Free;MLB;Deep
MLB-D-N_September_rep1.fcs;Accuri;Michigan;Fa13.BD.MLB.DN.1;Fall;September;2013;Free;MLB;Deep
MLB-D-N_September_rep2.fcs;Accuri;Michigan;Fa13.BD.MLB.DN.1;Fall;September;2013;Free;MLB;Deep
MLB-D-N_September_rep3.fcs;Accuri;Michigan;Fa13.BD.MLB.DN.1;Fall;September;2013;Free;MLB;Deep
MLB-S-N_September_rep1.fcs;Accuri;Michigan;Fa13.BD.MLB.SN.1;Fall;September;2013;Free;MLB;Surface
MLB-S-N_September_rep2.fcs;Accuri;Michigan;Fa13.BD.MLB.SN.1;Fall;September;2013;Free;MLB;Surface
MLB-S-N_September_rep3.fcs;Accuri;Michigan;Fa13.BD.MLB.SN.1;Fall;September;2013;Free;MLB;Surface
MLB40y-S-D_July_rep1.fcs;Accuri;Michigan;Su13.BD.MLB.SD.1;Summer;July;2013;Free;MLB;Surface
MLB40y-S-D_July_rep2.fcs;Accuri;Michigan;Su13.BD.MLB.SD.1;Summer;July;2013;Free;MLB;Surface
MLB40y-S-D_July_rep3.fcs;Accuri;Michigan;Su13.BD.MLB.SD.1;Summer;July;2013;Free;MLB;Surface
MM110-D-N_July_rep1.fcs;Accuri;Michigan;Su13.BD.MM110.DN.1;Summer;July;2013;Free;MM110;Deep
MM110-D-N_July_rep2.fcs;Accuri;Michigan;Su13.BD.MM110.DN.1;Summer;July;2013;Free;MM110;Deep
MM110-D-N_July_rep3.fcs;Accuri;Michigan;Su13.BD.MM110.DN.1;Summer;July;2013;Free;MM110;Deep
MM110-D-N_September_rep1.fcs;Accuri;Michigan;Fa13.BD.MM110.DN.1;Fall;September;2013;Free;MM110;Deep
MM110-D-N_September_rep2.fcs;Accuri;Michigan;Fa13.BD.MM110.DN.1;Fall;September;2013;Free;MM110;Deep
MM110-D-N_September_rep3.fcs;Accuri;Michigan;Fa13.BD.MM110.DN.1;Fall;September;2013;Free;MM110;Deep
MM110-DCMD_July_rep1.fcs;Accuri;Michigan;Su13.BD.MM110.DCMD.1;Summer;July;2013;Free;MM110;Deep
MM110-DCMD_July_rep2.fcs;Accuri;Michigan;Su13.BD.MM110.DCMD.1;Summer;July;2013;Free;MM110;Deep
MM110-DCMD_July_rep3.fcs;Accuri;Michigan;Su13.BD.MM110.DCMD.1;Summer;July;2013;Free;MM110;Deep
MM110-S-D_April_rep1.fcs;Accuri;Michigan;Sp13.BD.MM110.SD.1;Spring;April;2013;Free;MM110;Surface
MM110-S-D_April_rep2.fcs;Accuri;Michigan;Sp13.BD.MM110.SD.1;Spring;April;2013;Free;MM110;Surface
MM110-S-D_April_rep3.fcs;Accuri;Michigan;Sp13.BD.MM110.SD.1;Spring;April;2013;Free;MM110;Surface
MM110-S-D_July_rep1.fcs;Accuri;Michigan;Su13.BD.MM110.SD.1;Summer;July;2013;Free;MM110;Surface
MM110-S-D_July_rep2.fcs;Accuri;Michigan;Su13.BD.MM110.SD.1;Summer;July;2013;Free;MM110;Surface
MM110-S-D_July_rep3.fcs;Accuri;Michigan;Su13.BD.MM110.SD.1;Summer;July;2013;Free;MM110;Surface
MM110-S-D_September_rep1.fcs;Accuri;Michigan;Fa13.BD.MM110.SD.1;Fall;September;2013;Free;MM110;Surface
MM110-S-D_September_rep2.fcs;Accuri;Michigan;Fa13.BD.MM110.SD.1;Fall;September;2013;Free;MM110;Surface
MM110-S-D_September_rep3.fcs;Accuri;Michigan;Fa13.BD.MM110.SD.1;Fall;September;2013;Free;MM110;Surface
MM110-S-N_April_rep1.fcs;Accuri;Michigan;Sp13.BD.MM110.SN.1;Spring;April;2013;Free;MM110;Surface
MM110-S-N_April_rep2.fcs;Accuri;Michigan;Sp13.BD.MM110.SN.1;Spring;April;2013;Free;MM110;Surface
MM110-S-N_April_rep3.fcs;Accuri;Michigan;Sp13.BD.MM110.SN.1;Spring;April;2013;Free;MM110;Surface
MM110-S-N_July_rep1.fcs;Accuri;Michigan;Su13.BD.MM110.SN.1;Summer;July;2013;Free;MM110;Surface
MM110-S-N_July_rep2.fcs;Accuri;Michigan;Su13.BD.MM110.SN.1;Summer;July;2013;Free;MM110;Surface
MM110-S-N_July_rep3.fcs;Accuri;Michigan;Su13.BD.MM110.SN.1;Summer;July;2013;Free;MM110;Surface
MM110-S-N_September_rep1.fcs;Accuri;Michigan;Fa13.BD.MM110.SN.1;Fall;September;2013;Free;MM110;Surface
MM110-S-N_September_rep2.fcs;Accuri;Michigan;Fa13.BD.MM110.SN.1;Fall;September;2013;Free;MM110;Surface
MM110-S-N_September_rep3.fcs;Accuri;Michigan;Fa13.BD.MM110.SN.1;Fall;September;2013;Free;MM110;Surface
MM15-D-D_April_rep1.fcs;Accuri;Michigan;Sp13.BD.MM15.DD.1;Spring;April;2013;Free;MM15;Deep
MM15-D-D_April_rep2.fcs;Accuri;Michigan;Sp13.BD.MM15.DD.1;Spring;April;2013;Free;MM15;Deep
MM15-D-D_April_rep3.fcs;Accuri;Michigan;Sp13.BD.MM15.DD.1;Spring;April;2013;Free;MM15;Deep
MM15-D-N_July_rep1.fcs;Accuri;Michigan;Su13.BD.MM15.DN.1;Summer;July;2013;Free;MM15;Deep
MM15-D-N_July_rep2.fcs;Accuri;Michigan;Su13.BD.MM15.DN.1;Summer;July;2013;Free;MM15;Deep
MM15-D-N_July_rep3.fcs;Accuri;Michigan;Su13.BD.MM15.DN.1;Summer;July;2013;Free;MM15;Deep
MM15-D-N_September_rep1.fcs;Accuri;Michigan;Fa13.BD.MM15.DN.1;Fall;September;2013;Free;MM15;Deep
MM15-D-N_September_rep2.fcs;Accuri;Michigan;Fa13.BD.MM15.DN.1;Fall;September;2013;Free;MM15;Deep
MM15-D-N_September_rep3.fcs;Accuri;Michigan;Fa13.BD.MM15.DN.1;Fall;September;2013;Free;MM15;Deep
MM15-S-D_April_rep1.fcs;Accuri;Michigan;Sp13.BD.MM15.SD.1;Spring;April;2013;Free;MM15;Surface
MM15-S-D_April_rep2.fcs;Accuri;Michigan;Sp13.BD.MM15.SD.1;Spring;April;2013;Free;MM15;Surface
MM15-S-D_April_rep3.fcs;Accuri;Michigan;Sp13.BD.MM15.SD.1;Spring;April;2013;Free;MM15;Surface
MM15-S-D_July_rep1.fcs;Accuri;Michigan;Su13.BD.MM15.SD.1;Summer;July;2013;Free;MM15;Surface
MM15-S-D_July_rep2.fcs;Accuri;Michigan;Su13.BD.MM15.SD.1;Summer;July;2013;Free;MM15;Surface
MM15-S-D_July_rep3.fcs;Accuri;Michigan;Su13.BD.MM15.SD.1;Summer;July;2013;Free;MM15;Surface
MM15-S-D_September_rep1.fcs;Accuri;Michigan;Fa13.BD.MM15.SD.1;Fall;September;2013;Free;MM15;Surface
MM15-S-D_September_rep2.fcs;Accuri;Michigan;Fa13.BD.MM15.SD.1;Fall;September;2013;Free;MM15;Surface
MM15-S-D_September_rep3.fcs;Accuri;Michigan;Fa13.BD.MM15.SD.1;Fall;September;2013;Free;MM15;Surface
MM15-S-N_April_rep1.fcs;Accuri;Michigan;Sp13.BD.MM15.SN.1;Spring;April;2013;Free;MM15;Surface
MM15-S-N_April_rep2.fcs;Accuri;Michigan;Sp13.BD.MM15.SN.1;Spring;April;2013;Free;MM15;Surface
MM15-S-N_April_rep3.fcs;Accuri;Michigan;Sp13.BD.MM15.SN.1;Spring;April;2013;Free;MM15;Surface
MM15-S-N_July_rep1.fcs;Accuri;Michigan;Su13.BD.MM15.SN.1;Summer;July;2013;Free;MM15;Surface
MM15-S-N_July_rep2.fcs;Accuri;Michigan;Su13.BD.MM15.SN.1;Summer;July;2013;Free;MM15;Surface
MM15-S-N_July_rep3.fcs;Accuri;Michigan;Su13.BD.MM15.SN.1;Summer;July;2013;Free;MM15;Surface
MM15-S-N_September_rep1.fcs;Accuri;Michigan;Fa13.BD.MM15.SN.1;Fall;September;2013;Free;MM15;Surface
MM15-S-N_September_rep2.fcs;Accuri;Michigan;Fa13.BD.MM15.SN.1;Fall;September;2013;Free;MM15;Surface
MM15-S-N_September_rep3.fcs;Accuri;Michigan;Fa13.BD.MM15.SN.1;Fall;September;2013;Free;MM15;Surface
Muskegon_April_rep1.fcs;Accuri;Michigan;Sp13.BD.MLB.SN.1;Spring;April;2013;Free;MLB;Surface
Muskegon_April_rep2.fcs;Accuri;Michigan;Sp13.BD.MLB.SN.1;Spring;April;2013;Free;MLB;Surface
Muskegon_April_rep3.fcs;Accuri;Michigan;Sp13.BD.MLB.SN.1;Spring;April;2013;Free;MLB;Surface
MLB-D-D_July_rep4.fcs;FACS;Michigan;Su13.BD.MLB.DD.1;Summer;July;2013;Free;MLB;Deep
MLB-D-D_July_rep5.fcs;FACS;Michigan;Su13.BD.MLB.DD.1;Summer;July;2013;Free;MLB;Deep
MLB-D-D_July_rep6.fcs;FACS;Michigan;Su13.BD.MLB.DD.1;Summer;July;2013;Free;MLB;Deep
MLB-D-N_September_rep4.fcs;FACS;Michigan;Fa13.BD.MLB.DN.1;Fall;September;2013;Free;MLB;Deep
MLB-D-N_September_rep5.fcs;FACS;Michigan;Fa13.BD.MLB.DN.1;Fall;September;2013;Free;MLB;Deep
MLB-D-N_September_rep6.fcs;FACS;Michigan;Fa13.BD.MLB.DN.1;Fall;September;2013;Free;MLB;Deep
MLB-S-N_September_rep4.fcs;FACS;Michigan;Fa13.BD.MLB.SN.1;Fall;September;2013;Free;MLB;Surface
MLB-S-N_September_rep5.fcs;FACS;Michigan;Fa13.BD.MLB.SN.1;Fall;September;2013;Free;MLB;Surface
MLB-S-N_September_rep6.fcs;FACS;Michigan;Fa13.BD.MLB.SN.1;Fall;September;2013;Free;MLB;Surface
MLB40y-S-D_July_rep4.fcs;FACS;Michigan;Su13.BD.MLB.SD.1;Summer;July;2013;Free;MLB;Surface
MLB40y-S-D_July_rep5.fcs;FACS;Michigan;Su13.BD.MLB.SD.1;Summer;July;2013;Free;MLB;Surface
MLB40y-S-D_July_rep6.fcs;FACS;Michigan;Su13.BD.MLB.SD.1;Summer;July;2013;Free;MLB;Surface
MM110-D-N_July_rep4.fcs;FACS;Michigan;Su13.BD.MM110.DN.1;Summer;July;2013;Free;MM110;Deep
MM110-D-N_July_rep5.fcs;FACS;Michigan;Su13.BD.MM110.DN.1;Summer;July;2013;Free;MM110;Deep
MM110-D-N_July_rep6.fcs;FACS;Michigan;Su13.BD.MM110.DN.1;Summer;July;2013;Free;MM110;Deep
MM110-D-N_September_rep4.fcs;FACS;Michigan;Fa13.BD.MM110.DN.1;Fall;September;2013;Free;MM110;Deep
MM110-D-N_September_rep5.fcs;FACS;Michigan;Fa13.BD.MM110.DN.1;Fall;September;2013;Free;MM110;Deep
MM110-D-N_September_rep6.fcs;FACS;Michigan;Fa13.BD.MM110.DN.1;Fall;September;2013;Free;MM110;Deep
MM110-DCMD_July_rep4.fcs;FACS;Michigan;Su13.BD.MM110.DCMD.1;Summer;July;2013;Free;MM110;Deep
MM110-DCMD_July_rep5.fcs;FACS;Michigan;Su13.BD.MM110.DCMD.1;Summer;July;2013;Free;MM110;Deep
MM110-DCMD_July_rep6.fcs;FACS;Michigan;Su13.BD.MM110.DCMD.1;Summer;July;2013;Free;MM110;Deep
MM110-S-D_April_rep4.fcs;FACS;Michigan;Sp13.BD.MM110.SD.1;Spring;April;2013;Free;MM110;Surface
MM110-S-D_April_rep5.fcs;FACS;Michigan;Sp13.BD.MM110.SD.1;Spring;April;2013;Free;MM110;Surface
MM110-S-D_April_rep6.fcs;FACS;Michigan;Sp13.BD.MM110.SD.1;Spring;April;2013;Free;MM110;Surface
MM110-S-D_July_rep4.fcs;FACS;Michigan;Su13.BD.MM110.SD.1;Summer;July;2013;Free;MM110;Surface
MM110-S-D_July_rep5.fcs;FACS;Michigan;Su13.BD.MM110.SD.1;Summer;July;2013;Free;MM110;Surface
MM110-S-D_July_rep6.fcs;FACS;Michigan;Su13.BD.MM110.SD.1;Summer;July;2013;Free;MM110;Surface
MM110-S-D_September_rep4.fcs;FACS;Michigan;Fa13.BD.MM110.SD.1;Fall;September;2013;Free;MM110;Surface
MM110-S-D_September_rep5.fcs;FACS;Michigan;Fa13.BD.MM110.SD.1;Fall;September;2013;Free;MM110;Surface
MM110-S-D_September_rep6.fcs;FACS;Michigan;Fa13.BD.MM110.SD.1;Fall;September;2013;Free;MM110;Surface
MM110-S-N_April_rep4.fcs;FACS;Michigan;Sp13.BD.MM110.SN.1;Spring;April;2013;Free;MM110;Surface
MM110-S-N_April_rep5.fcs;FACS;Michigan;Sp13.BD.MM110.SN.1;Spring;April;2013;Free;MM110;Surface
MM110-S-N_April_rep6.fcs;FACS;Michigan;Sp13.BD.MM110.SN.1;Spring;April;2013;Free;MM110;Surface
MM110-S-N_July_rep4.fcs;FACS;Michigan;Su13.BD.MM110.SN.1;Summer;July;2013;Free;MM110;Surface
MM110-S-N_July_rep5.fcs;FACS;Michigan;Su13.BD.MM110.SN.1;Summer;July;2013;Free;MM110;Surface
MM110-S-N_July_rep6.fcs;FACS;Michigan;Su13.BD.MM110.SN.1;Summer;July;2013;Free;MM110;Surface
MM110-S-N_September_rep4.fcs;FACS;Michigan;Fa13.BD.MM110.SN.1;Fall;September;2013;Free;MM110;Surface
MM110-S-N_September_rep5.fcs;FACS;Michigan;Fa13.BD.MM110.SN.1;Fall;September;2013;Free;MM110;Surface
MM110-S-N_September_rep6.fcs;FACS;Michigan;Fa13.BD.MM110.SN.1;Fall;September;2013;Free;MM110;Surface
MM15-D-D_April_rep4.fcs;FACS;Michigan;Sp13.BD.MM15.DD.1;Spring;April;2013;Free;MM15;Deep
MM15-D-D_April_rep5.fcs;FACS;Michigan;Sp13.BD.MM15.DD.1;Spring;April;2013;Free;MM15;Deep
MM15-D-D_April_rep6.fcs;FACS;Michigan;Sp13.BD.MM15.DD.1;Spring;April;2013;Free;MM15;Deep
MM15-D-N_July_rep4.fcs;FACS;Michigan;Su13.BD.MM15.DN.1;Summer;July;2013;Free;MM15;Deep
MM15-D-N_July_rep5.fcs;FACS;Michigan;Su13.BD.MM15.DN.1;Summer;July;2013;Free;MM15;Deep
MM15-D-N_July_rep6.fcs;FACS;Michigan;Su13.BD.MM15.DN.1;Summer;July;2013;Free;MM15;Deep
MM15-D-N_September_rep4.fcs;FACS;Michigan;Fa13.BD.MM15.DN.1;Fall;September;2013;Free;MM15;Deep
MM15-D-N_September_rep5.fcs;FACS;Michigan;Fa13.BD.MM15.DN.1;Fall;September;2013;Free;MM15;Deep
MM15-D-N_September_rep6.fcs;FACS;Michigan;Fa13.BD.MM15.DN.1;Fall;September;2013;Free;MM15;Deep
MM15-S-D_April_rep4.fcs;FACS;Michigan;Sp13.BD.MM15.SD.1;Spring;April;2013;Free;MM15;Surface
MM15-S-D_April_rep5.fcs;FACS;Michigan;Sp13.BD.MM15.SD.1;Spring;April;2013;Free;MM15;Surface
MM15-S-D_April_rep6.fcs;FACS;Michigan;Sp13.BD.MM15.SD.1;Spring;April;2013;Free;MM15;Surface
MM15-S-D_July_rep4.fcs;FACS;Michigan;Su13.BD.MM15.SD.1;Summer;July;2013;Free;MM15;Surface
MM15-S-D_July_rep5.fcs;FACS;Michigan;Su13.BD.MM15.SD.1;Summer;July;2013;Free;MM15;Surface
MM15-S-D_July_rep6.fcs;FACS;Michigan;Su13.BD.MM15.SD.1;Summer;July;2013;Free;MM15;Surface
MM15-S-D_September_rep4.fcs;FACS;Michigan;Fa13.BD.MM15.SD.1;Fall;September;2013;Free;MM15;Surface
MM15-S-D_September_rep5.fcs;FACS;Michigan;Fa13.BD.MM15.SD.1;Fall;September;2013;Free;MM15;Surface
MM15-S-D_September_rep6.fcs;FACS;Michigan;Fa13.BD.MM15.SD.1;Fall;September;2013;Free;MM15;Surface
MM15-S-N_April_rep4.fcs;FACS;Michigan;Sp13.BD.MM15.SN.1;Spring;April;2013;Free;MM15;Surface
MM15-S-N_April_rep5.fcs;FACS;Michigan;Sp13.BD.MM15.SN.1;Spring;April;2013;Free;MM15;Surface
MM15-S-N_April_rep6.fcs;FACS;Michigan;Sp13.BD.MM15.SN.1;Spring;April;2013;Free;MM15;Surface
MM15-S-N_July_rep4.fcs;FACS;Michigan;Su13.BD.MM15.SN.1;Summer;July;2013;Free;MM15;Surface
MM15-S-N_July_rep5.fcs;FACS;Michigan;Su13.BD.MM15.SN.1;Summer;July;2013;Free;MM15;Surface
MM15-S-N_July_rep6.fcs;FACS;Michigan;Su13.BD.MM15.SN.1;Summer;July;2013;Free;MM15;Surface
MM15-S-N_September_rep4.fcs;FACS;Michigan;Fa13.BD.MM15.SN.1;Fall;September;2013;Free;MM15;Surface
MM15-S-N_September_rep5.fcs;FACS;Michigan;Fa13.BD.MM15.SN.1;Fall;September;2013;Free;MM15;Surface
MM15-S-N_September_rep6.fcs;FACS;Michigan;Fa13.BD.MM15.SN.1;Fall;September;2013;Free;MM15;Surface
Muskegon_April_rep4.fcs;FACS;Michigan;Sp13.BD.MLB.SN.1;Spring;April;2013;Free;MLB;Surface
Muskegon_April_rep5.fcs;FACS;Michigan;Sp13.BD.MLB.SN.1;Spring;April;2013;Free;MLB;Surface
Muskegon_April_rep6.fcs;FACS;Michigan;Sp13.BD.MLB.SN.1;Spring;April;2013;Free;MLB;Surface
110D2-1015-2_rep1.fcs;Accuri;Michigan;110D2F1015;Fall;October;2015;Free;MM110;Deep
110D2-1015-2_rep2.fcs;Accuri;Michigan;110D2F1015;Fall;October;2015;Free;MM110;Deep
110D2-1015-2_rep3.fcs;Accuri;Michigan;110D2F1015;Fall;October;2015;Free;MM110;Deep
110D2-115-2_rep1.fcs;Accuri;Michigan;110D2F115;Winter;Januari;2015;Free;MM110;Deep
110D2-115-2_rep2.fcs;Accuri;Michigan;110D2F115;Winter;Januari;2015;Free;MM110;Deep
110D2-115-2_rep3.fcs;Accuri;Michigan;110D2F115;Winter;Januari;2015;Free;MM110;Deep
110D2-415-2_rep1.fcs;Accuri;Michigan;110D2F415;Spring;April;2015;Free;MM110;Deep
110D2-415-2_rep2.fcs;Accuri;Michigan;110D2F415;Spring;April;2015;Free;MM110;Deep
110D2-415-2_rep3.fcs;Accuri;Michigan;110D2F415;Spring;April;2015;Free;MM110;Deep
110D2-515_rep1.fcs;Accuri;Michigan;110D2F515;Spring;May;2015;Free;MM110;Deep
110D2-515_rep2.fcs;Accuri;Michigan;110D2F515;Spring;May;2015;Free;MM110;Deep
110D2-515_rep3.fcs;Accuri;Michigan;110D2F515;Spring;May;2015;Free;MM110;Deep
110D2-715-2_rep1.fcs;Accuri;Michigan;110D2F715;Summer;July;2015;Free;MM110;Deep
110D2-715-2_rep2.fcs;Accuri;Michigan;110D2F715;Summer;July;2015;Free;MM110;Deep
110D2-715-2_rep3.fcs;Accuri;Michigan;110D2F715;Summer;July;2015;Free;MM110;Deep
110D2-815_rep1.fcs;Accuri;Michigan;110D2F815;Summer;August;2015;Free;MM110;Deep
110D2-815_rep2.fcs;Accuri;Michigan;110D2F815;Summer;August;2015;Free;MM110;Deep
110D2-815_rep3.fcs;Accuri;Michigan;110D2F815;Summer;August;2015;Free;MM110;Deep
110D2-915-2_rep1.fcs;Accuri;Michigan;110D2F915;Fall;September;2015;Free;MM110;Deep
110D2-915-2_rep2.fcs;Accuri;Michigan;110D2F915;Fall;September;2015;Free;MM110;Deep
110D2-915-2_rep3.fcs;Accuri;Michigan;110D2F915;Fall;September;2015;Free;MM110;Deep
110M2-1015-1_rep1.fcs;Accuri;Michigan;110M2F1015;Fall;October;2015;Free;MM110;Mid
110M2-1015-1_rep2.fcs;Accuri;Michigan;110M2F1015;Fall;October;2015;Free;MM110;Mid
110M2-1015-1_rep3.fcs;Accuri;Michigan;110M2F1015;Fall;October;2015;Free;MM110;Mid
110M2-115-2_rep1.fcs;Accuri;Michigan;110M2F115;Winter;Januari;2015;Free;MM110;Mid
110M2-115-2_rep2.fcs;Accuri;Michigan;110M2F115;Winter;Januari;2015;Free;MM110;Mid
110M2-115-2_rep3.fcs;Accuri;Michigan;110M2F115;Winter;Januari;2015;Free;MM110;Mid
110M2-415-2_rep1.fcs;Accuri;Michigan;110M2F415;Spring;April;2015;Free;MM110;Mid
110M2-415-2_rep2.fcs;Accuri;Michigan;110M2F415;Spring;April;2015;Free;MM110;Mid
110M2-415-2_rep3.fcs;Accuri;Michigan;110M2F415;Spring;April;2015;Free;MM110;Mid
110M2-515_rep1.fcs;Accuri;Michigan;110M2F515;Spring;May;2015;Free;MM110;Mid
110M2-515_rep2.fcs;Accuri;Michigan;110M2F515;Spring;May;2015;Free;MM110;Mid
110M2-515_rep3.fcs;Accuri;Michigan;110M2F515;Spring;May;2015;Free;MM110;Mid
110M2-715-2_rep1.fcs;Accuri;Michigan;110M2F715;Summer;July;2015;Free;MM110;Mid
110M2-715-2_rep2.fcs;Accuri;Michigan;110M2F715;Summer;July;2015;Free;MM110;Mid
110M2-715-2_rep3.fcs;Accuri;Michigan;110M2F715;Summer;July;2015;Free;MM110;Mid
110M2-815_rep1.fcs;Accuri;Michigan;110M2F815;Summer;August;2015;Free;MM110;Mid
110M2-815_rep2.fcs;Accuri;Michigan;110M2F815;Summer;August;2015;Free;MM110;Mid
110M2-815_rep3.fcs;Accuri;Michigan;110M2F815;Summer;August;2015;Free;MM110;Mid
110S2-1015-2_rep1.fcs;Accuri;Michigan;110S2F1015;Fall;October;2015;Free;MM110;Surface
110S2-1015-2_rep2.fcs;Accuri;Michigan;110S2F1015;Fall;October;2015;Free;MM110;Surface
110S2-1015-2_rep3.fcs;Accuri;Michigan;110S2F1015;Fall;October;2015;Free;MM110;Surface
110S2-415-2_rep1.fcs;Accuri;Michigan;110S2F415;Spring;April;2015;Free;MM110;Surface
110S2-415-2_rep2.fcs;Accuri;Michigan;110S2F415;Spring;April;2015;Free;MM110;Surface
110S2-415-2_rep3.fcs;Accuri;Michigan;110S2F415;Spring;April;2015;Free;MM110;Surface
110S2-515_rep1.fcs;Accuri;Michigan;110S2F515;Spring;May;2015;Free;MM110;Surface
110S2-515_rep2.fcs;Accuri;Michigan;110S2F515;Spring;May;2015;Free;MM110;Surface
110S2-515_rep3.fcs;Accuri;Michigan;110S2F515;Spring;May;2015;Free;MM110;Surface
110S2-715-2_rep1.fcs;Accuri;Michigan;110S2F715;Summer;July;2015;Free;MM110;Surface
110S2-715-2_rep2.fcs;Accuri;Michigan;110S2F715;Summer;July;2015;Free;MM110;Surface
110S2-715-2_rep3.fcs;Accuri;Michigan;110S2F715;Summer;July;2015;Free;MM110;Surface
110S2-815_rep1.fcs;Accuri;Michigan;110S2F815;Summer;August;2015;Free;MM110;Surface
110S2-815_rep2.fcs;Accuri;Michigan;110S2F815;Summer;August;2015;Free;MM110;Surface
110S2-815_rep3.fcs;Accuri;Michigan;110S2F815;Summer;August;2015;Free;MM110;Surface
110S2_115_2_rep1.fcs;Accuri;Michigan;110S2F115;Winter;Januari;2015;Free;MM110;Surface
110S2_115_2_rep2.fcs;Accuri;Michigan;110S2F115;Winter;Januari;2015;Free;MM110;Surface
110S2_115_2_rep3.fcs;Accuri;Michigan;110S2F115;Winter;Januari;2015;Free;MM110;Surface
110S2_915_2_rep1.fcs;Accuri;Michigan;110S2F915;Fall;September;2015;Free;MM110;Surface
110S2_915_2_rep2.fcs;Accuri;Michigan;110S2F915;Fall;September;2015;Free;MM110;Surface
110S2_915_2_rep3.fcs;Accuri;Michigan;110S2F915;Fall;September;2015;Free;MM110;Surface
M45D2-1015-1_rep1.fcs;Accuri;Michigan;M45D2F1015;Fall;October;2015;Free;MM45;Deep
M45D2-1015-1_rep2.fcs;Accuri;Michigan;M45D2F1015;Fall;October;2015;Free;MM45;Deep
M45D2-1015-1_rep3.fcs;Accuri;Michigan;M45D2F1015;Fall;October;2015;Free;MM45;Deep
M45D2-115-2_rep1.fcs;Accuri;Michigan;M45D2F115;Winter;Januari;2015;Free;MM45;Deep
M45D2-115-2_rep2.fcs;Accuri;Michigan;M45D2F115;Winter;Januari;2015;Free;MM45;Deep
M45D2-115-2_rep3.fcs;Accuri;Michigan;M45D2F115;Winter;Januari;2015;Free;MM45;Deep
M45D2-415-2_rep1.fcs;Accuri;Michigan;M45D2F415;Spring;April;2015;Free;MM45;Deep
M45D2-415-2_rep2.fcs;Accuri;Michigan;M45D2F415;Spring;April;2015;Free;MM45;Deep
M45D2-415-2_rep3.fcs;Accuri;Michigan;M45D2F415;Spring;April;2015;Free;MM45;Deep
M45D2-515_rep1.fcs;Accuri;Michigan;M45D2F515;Spring;May;2015;Free;MM45;Deep
M45D2-515_rep2.fcs;Accuri;Michigan;M45D2F515;Spring;May;2015;Free;MM45;Deep
M45D2-515_rep3.fcs;Accuri;Michigan;M45D2F515;Spring;May;2015;Free;MM45;Deep
M45D2-715-2_rep1.fcs;Accuri;Michigan;M45D2F715;Summer;July;2015;Free;MM45;Deep
M45D2-715-2_rep2.fcs;Accuri;Michigan;M45D2F715;Summer;July;2015;Free;MM45;Deep
M45D2-715-2_rep3.fcs;Accuri;Michigan;M45D2F715;Summer;July;2015;Free;MM45;Deep
M45D2-815_rep1.fcs;Accuri;Michigan;M45D2F815;Summer;August;2015;Free;MM45;Deep
M45D2-815_rep2.fcs;Accuri;Michigan;M45D2F815;Summer;August;2015;Free;MM45;Deep
M45D2-815_rep3.fcs;Accuri;Michigan;M45D2F815;Summer;August;2015;Free;MM45;Deep
M45D2-915-2_rep1.fcs;Accuri;Michigan;M45D2F915;Fall;September;2015;Free;MM45;Deep
M45D2-915-2_rep2.fcs;Accuri;Michigan;M45D2F915;Fall;September;2015;Free;MM45;Deep
M45D2-915-2_rep3.fcs;Accuri;Michigan;M45D2F915;Fall;September;2015;Free;MM45;Deep
M45S1-115-1_rep1.fcs;Accuri;Michigan;M45S1F115;Winter;Januari;2015;Free;MM45;Surface
M45S1-115-1_rep2.fcs;Accuri;Michigan;M45S1F115;Winter;Januari;2015;Free;MM45;Surface
M45S1-115-1_rep3.fcs;Accuri;Michigan;M45S1F115;Winter;Januari;2015;Free;MM45;Surface
M45S2-1015-2_rep1.fcs;Accuri;Michigan;M45S2F1015;Fall;October;2015;Free;MM45;Surface
M45S2-1015-2_rep2.fcs;Accuri;Michigan;M45S2F1015;Fall;October;2015;Free;MM45;Surface
M45S2-1015-2_rep3.fcs;Accuri;Michigan;M45S2F1015;Fall;October;2015;Free;MM45;Surface
M45S2-415-2_rep1.fcs;Accuri;Michigan;M45S2F415;Spring;April;2015;Free;MM45;Surface
M45S2-415-2_rep2.fcs;Accuri;Michigan;M45S2F415;Spring;April;2015;Free;MM45;Surface
M45S2-415-2_rep3.fcs;Accuri;Michigan;M45S2F415;Spring;April;2015;Free;MM45;Surface
M45S2-515-DMSO_rep1.fcs;Accuri;Michigan;M45S2F515;Spring;May;2015;Free;MM45;Surface
M45S2-515-DMSO_rep2.fcs;Accuri;Michigan;M45S2F515;Spring;May;2015;Free;MM45;Surface
M45S2-515-DMSO_rep3.fcs;Accuri;Michigan;M45S2F515;Spring;May;2015;Free;MM45;Surface
M45S2-715-2_rep1.fcs;Accuri;Michigan;M45S2F715;Summer;July;2015;Free;MM45;Surface
M45S2-715-2_rep2.fcs;Accuri;Michigan;M45S2F715;Summer;July;2015;Free;MM45;Surface
M45S2-715-2_rep3.fcs;Accuri;Michigan;M45S2F715;Summer;July;2015;Free;MM45;Surface
M45S2-815_rep1.fcs;Accuri;Michigan;M45S2F815;Summer;August;2015;Free;MM45;Surface
M45S2-815_rep2.fcs;Accuri;Michigan;M45S2F815;Summer;August;2015;Free;MM45;Surface
M45S2-815_rep3.fcs;Accuri;Michigan;M45S2F815;Summer;August;2015;Free;MM45;Surface
M45S2-915-2_rep1.fcs;Accuri;Michigan;M45S2F915;Fall;September;2015;Free;MM45;Surface
M45S2-915-2_rep2.fcs;Accuri;Michigan;M45S2F915;Fall;September;2015;Free;MM45;Surface
M45S2-915-2_rep3.fcs;Accuri;Michigan;M45S2F915;Fall;September;2015;Free;MM45;Surface
M15S1-415-2_rep1.fcs;Accuri;Michigan;M15S1F415;Spring;April;2015;Free;MM15;Surface
M15S1-415-2_rep2.fcs;Accuri;Michigan;M15S1F415;Spring;April;2015;Free;MM15;Surface
M15S1-415-2_rep3.fcs;Accuri;Michigan;M15S1F415;Spring;April;2015;Free;MM15;Surface
M15S2-1015-2_rep1.fcs;Accuri;Michigan;M15S2F1015;Fall;October;2015;Free;MM15;Surface
M15S2-1015-2_rep2.fcs;Accuri;Michigan;M15S2F1015;Fall;October;2015;Free;MM15;Surface
M15S2-1015-2_rep3.fcs;Accuri;Michigan;M15S2F1015;Fall;October;2015;Free;MM15;Surface
M15S2-115-2_rep1.fcs;Accuri;Michigan;M15S2F115;Winter;Januari;2015;Free;MM15;Surface
M15S2-115-2_rep2.fcs;Accuri;Michigan;M15S2F115;Winter;Januari;2015;Free;MM15;Surface
M15S2-115-2_rep3.fcs;Accuri;Michigan;M15S2F115;Winter;Januari;2015;Free;MM15;Surface
M15S2-515-DMSO_rep1.fcs;Accuri;Michigan;M15S2F515;Spring;May;2015;Free;MM15;Surface
M15S2-515-DMSO_rep2.fcs;Accuri;Michigan;M15S2F515;Spring;May;2015;Free;MM15;Surface
M15S2-515-DMSO_rep3.fcs;Accuri;Michigan;M15S2F515;Spring;May;2015;Free;MM15;Surface
M15S2-715-2_rep1.fcs;Accuri;Michigan;M15S2F715;Summer;July;2015;Free;MM15;Surface
M15S2-715-2_rep2.fcs;Accuri;Michigan;M15S2F715;Summer;July;2015;Free;MM15;Surface
M15S2-715-2_rep3.fcs;Accuri;Michigan;M15S2F715;Summer;July;2015;Free;MM15;Surface
M15S2-815_rep1.fcs;Accuri;Michigan;M15S2F815;Summer;August;2015;Free;MM15;Surface
M15S2-815_rep2.fcs;Accuri;Michigan;M15S2F815;Summer;August;2015;Free;MM15;Surface
M15S2-815_rep3.fcs;Accuri;Michigan;M15S2F815;Summer;August;2015;Free;MM15;Surface
M15S2-915-2_rep1.fcs;Accuri;Michigan;M15S2F915;Fall;September;2015;Free;MM15;Surface
M15S2-915-2_rep2.fcs;Accuri;Michigan;M15S2F915;Fall;September;2015;Free;MM15;Surface
M15S2-915-2_rep3.fcs;Accuri;Michigan;M15S2F915;Fall;September;2015;Free;MM15;Surface
MLB-915-2_rep1.fcs;Accuri;Michigan;MLBD2F915;Fall;September;2015;Free;MLB;Deep
MLB-915-2_rep2.fcs;Accuri;Michigan;MLBD2F915;Fall;September;2015;Free;MLB;Deep
MLB-915-2_rep3.fcs;Accuri;Michigan;MLBD2F915;Fall;September;2015;Free;MLB;Deep
MLBD2-1015-2_rep1.fcs;Accuri;Michigan;MLBD2F1015;Fall;October;2015;Free;MLB;Deep
MLBD2-1015-2_rep2.fcs;Accuri;Michigan;MLBD2F1015;Fall;October;2015;Free;MLB;Deep
MLBD2-1015-2_rep3.fcs;Accuri;Michigan;MLBD2F1015;Fall;October;2015;Free;MLB;Deep
MLBD2-115-2_rep1.fcs;Accuri;Michigan;MLBD2F115;Winter;Januari;2015;Free;MLB;Deep
MLBD2-115-2_rep2.fcs;Accuri;Michigan;MLBD2F115;Winter;Januari;2015;Free;MLB;Deep
MLBD2-115-2_rep3.fcs;Accuri;Michigan;MLBD2F115;Winter;Januari;2015;Free;MLB;Deep
MLBD2-415-2_rep1.fcs;Accuri;Michigan;MLBD2F415;Spring;April;2015;Free;MLB;Deep
MLBD2-415-2_rep2.fcs;Accuri;Michigan;MLBD2F415;Spring;April;2015;Free;MLB;Deep
MLBD2-415-2_rep3.fcs;Accuri;Michigan;MLBD2F415;Spring;April;2015;Free;MLB;Deep
MLBD2-515-DMSO_rep1.fcs;Accuri;Michigan;MLBD2F515;Spring;May;2015;Free;MLB;Deep
MLBD2-515-DMSO_rep2.fcs;Accuri;Michigan;MLBD2F515;Spring;May;2015;Free;MLB;Deep
MLBD2-515-DMSO_rep3.fcs;Accuri;Michigan;MLBD2F515;Spring;May;2015;Free;MLB;Deep
MLBD2-715-2_rep1.fcs;Accuri;Michigan;MLBD2F715;Summer;July;2015;Free;MLB;Deep
MLBD2-715-2_rep2.fcs;Accuri;Michigan;MLBD2F715;Summer;July;2015;Free;MLB;Deep
MLBD2-715-2_rep3.fcs;Accuri;Michigan;MLBD2F715;Summer;July;2015;Free;MLB;Deep
MLBD2-815_rep1.fcs;Accuri;Michigan;MLBD2F815;Summer;August;2015;Free;MLB;Deep
MLBD2-815_rep2.fcs;Accuri;Michigan;MLBD2F815;Summer;August;2015;Free;MLB;Deep
MLBD2-815_rep3.fcs;Accuri;Michigan;MLBD2F815;Summer;August;2015;Free;MLB;Deep
MLBS1-415-2_rep1.fcs;Accuri;Michigan;MLBS1F415;Spring;April;2015;Free;MLB;Surface
MLBS1-415-2_rep2.fcs;Accuri;Michigan;MLBS1F415;Spring;April;2015;Free;MLB;Surface
MLBS1-415-2_rep3.fcs;Accuri;Michigan;MLBS1F415;Spring;April;2015;Free;MLB;Surface
MLBS2-1015-2_rep1.fcs;Accuri;Michigan;MLBS2F1015;Fall;October;2015;Free;MLB;Surface
MLBS2-1015-2_rep2.fcs;Accuri;Michigan;MLBS2F1015;Fall;October;2015;Free;MLB;Surface
MLBS2-1015-2_rep3.fcs;Accuri;Michigan;MLBS2F1015;Fall;October;2015;Free;MLB;Surface
MLBS2-115-2_rep1.fcs;Accuri;Michigan;MLBS2F115;Winter;Januari;2015;Free;MLB;Surface
MLBS2-115-2_rep2.fcs;Accuri;Michigan;MLBS2F115;Winter;Januari;2015;Free;MLB;Surface
MLBS2-115-2_rep3.fcs;Accuri;Michigan;MLBS2F115;Winter;Januari;2015;Free;MLB;Surface
MLBS2-515-DMSO_rep1.fcs;Accuri;Michigan;MLBS2F515;Spring;May;2015;Free;MLB;Surface
MLBS2-515-DMSO_rep2.fcs;Accuri;Michigan;MLBS2F515;Spring;May;2015;Free;MLB;Surface
MLBS2-515-DMSO_rep3.fcs;Accuri;Michigan;MLBS2F515;Spring;May;2015;Free;MLB;Surface
MLBS2-715-2_rep1.fcs;Accuri;Michigan;MLBS2F715;Summer;July;2015;Free;MLB;Surface
MLBS2-715-2_rep2.fcs;Accuri;Michigan;MLBS2F715;Summer;July;2015;Free;MLB;Surface
MLBS2-715-2_rep3.fcs;Accuri;Michigan;MLBS2F715;Summer;July;2015;Free;MLB;Surface
MLBS2-815_rep1.fcs;Accuri;Michigan;MLBS2F815;Summer;August;2015;Free;MLB;Surface
MLBS2-815_rep2.fcs;Accuri;Michigan;MLBS2F815;Summer;August;2015;Free;MLB;Surface
MLBS2-815_rep3.fcs;Accuri;Michigan;MLBS2F815;Summer;August;2015;Free;MLB;Surface
MLBS2-915-2_rep1.fcs;Accuri;Michigan;MLBS2F915;Fall;September;2015;Free;MLB;Surface
MLBS2-915-2_rep2.fcs;Accuri;Michigan;MLBS2F915;Fall;September;2015;Free;MLB;Surface
MLBS2-915-2_rep3.fcs;Accuri;Michigan;MLBS2F915;Fall;September;2015;Free;MLB;Surface
110D2-1015-2_rep4.fcs;FACS;Michigan;110D2F1015;Fall;October;2015;Free;MM110;Deep
110D2-1015-2_rep5.fcs;FACS;Michigan;110D2F1015;Fall;October;2015;Free;MM110;Deep
110D2-1015-2_rep6.fcs;FACS;Michigan;110D2F1015;Fall;October;2015;Free;MM110;Deep
110D2-115-2_rep4.fcs;FACS;Michigan;110D2F115;Winter;Januari;2015;Free;MM110;Deep
110D2-115-2_rep5.fcs;FACS;Michigan;110D2F115;Winter;Januari;2015;Free;MM110;Deep
110D2-115-2_rep6.fcs;FACS;Michigan;110D2F115;Winter;Januari;2015;Free;MM110;Deep
110D2-415-2_rep4.fcs;FACS;Michigan;110D2F415;Spring;April;2015;Free;MM110;Deep
110D2-415-2_rep5.fcs;FACS;Michigan;110D2F415;Spring;April;2015;Free;MM110;Deep
110D2-415-2_rep6.fcs;FACS;Michigan;110D2F415;Spring;April;2015;Free;MM110;Deep
110D2-515_rep4.fcs;FACS;Michigan;110D2F515;Spring;May;2015;Free;MM110;Deep
110D2-515_rep5.fcs;FACS;Michigan;110D2F515;Spring;May;2015;Free;MM110;Deep
110D2-515_rep6.fcs;FACS;Michigan;110D2F515;Spring;May;2015;Free;MM110;Deep
110D2-715-2_rep4.fcs;FACS;Michigan;110D2F715;Summer;July;2015;Free;MM110;Deep
110D2-715-2_rep5.fcs;FACS;Michigan;110D2F715;Summer;July;2015;Free;MM110;Deep
110D2-715-2_rep6.fcs;FACS;Michigan;110D2F715;Summer;July;2015;Free;MM110;Deep
110D2-815_rep4.fcs;FACS;Michigan;110D2F815;Summer;August;2015;Free;MM110;Deep
110D2-815_rep5.fcs;FACS;Michigan;110D2F815;Summer;August;2015;Free;MM110;Deep
110D2-815_rep6.fcs;FACS;Michigan;110D2F815;Summer;August;2015;Free;MM110;Deep
110D2-915-2_rep4.fcs;FACS;Michigan;110D2F915;Fall;September;2015;Free;MM110;Deep
110D2-915-2_rep5.fcs;FACS;Michigan;110D2F915;Fall;September;2015;Free;MM110;Deep
110D2-915-2_rep6.fcs;FACS;Michigan;110D2F915;Fall;September;2015;Free;MM110;Deep
110M2-1015-1_rep4.fcs;FACS;Michigan;110M2F1015;Fall;October;2015;Free;MM110;Mid
110M2-1015-1_rep5.fcs;FACS;Michigan;110M2F1015;Fall;October;2015;Free;MM110;Mid
110M2-1015-1_rep6.fcs;FACS;Michigan;110M2F1015;Fall;October;2015;Free;MM110;Mid
110M2-115-2_rep4.fcs;FACS;Michigan;110M2F115;Winter;Januari;2015;Free;MM110;Mid
110M2-115-2_rep5.fcs;FACS;Michigan;110M2F115;Winter;Januari;2015;Free;MM110;Mid
110M2-115-2_rep6.fcs;FACS;Michigan;110M2F115;Winter;Januari;2015;Free;MM110;Mid
110M2-415-2_rep4.fcs;FACS;Michigan;110M2F415;Spring;April;2015;Free;MM110;Mid
110M2-415-2_rep5.fcs;FACS;Michigan;110M2F415;Spring;April;2015;Free;MM110;Mid
110M2-415-2_rep6.fcs;FACS;Michigan;110M2F415;Spring;April;2015;Free;MM110;Mid
110M2-515_rep4.fcs;FACS;Michigan;110M2F515;Spring;May;2015;Free;MM110;Mid
110M2-515_rep5.fcs;FACS;Michigan;110M2F515;Spring;May;2015;Free;MM110;Mid
110M2-515_rep6.fcs;FACS;Michigan;110M2F515;Spring;May;2015;Free;MM110;Mid
110M2-715-2_rep4.fcs;FACS;Michigan;110M2F715;Summer;July;2015;Free;MM110;Mid
110M2-715-2_rep5.fcs;FACS;Michigan;110M2F715;Summer;July;2015;Free;MM110;Mid
110M2-715-2_rep6.fcs;FACS;Michigan;110M2F715;Summer;July;2015;Free;MM110;Mid
110M2-815_rep4.fcs;FACS;Michigan;110M2F815;Summer;August;2015;Free;MM110;Mid
110M2-815_rep5.fcs;FACS;Michigan;110M2F815;Summer;August;2015;Free;MM110;Mid
110M2-815_rep6.fcs;FACS;Michigan;110M2F815;Summer;August;2015;Free;MM110;Mid
110S2-1015-2_rep4.fcs;FACS;Michigan;110S2F1015;Fall;October;2015;Free;MM110;Surface
110S2-1015-2_rep5.fcs;FACS;Michigan;110S2F1015;Fall;October;2015;Free;MM110;Surface
110S2-1015-2_rep6.fcs;FACS;Michigan;110S2F1015;Fall;October;2015;Free;MM110;Surface
110S2-415-2_rep4.fcs;FACS;Michigan;110S2F415;Spring;April;2015;Free;MM110;Surface
110S2-415-2_rep5.fcs;FACS;Michigan;110S2F415;Spring;April;2015;Free;MM110;Surface
110S2-415-2_rep6.fcs;FACS;Michigan;110S2F415;Spring;April;2015;Free;MM110;Surface
110S2-515_rep4.fcs;FACS;Michigan;110S2F515;Spring;May;2015;Free;MM110;Surface
110S2-515_rep5.fcs;FACS;Michigan;110S2F515;Spring;May;2015;Free;MM110;Surface
110S2-515_rep6.fcs;FACS;Michigan;110S2F515;Spring;May;2015;Free;MM110;Surface
110S2-715-2_rep4.fcs;FACS;Michigan;110S2F715;Summer;July;2015;Free;MM110;Surface
110S2-715-2_rep5.fcs;FACS;Michigan;110S2F715;Summer;July;2015;Free;MM110;Surface
110S2-715-2_rep6.fcs;FACS;Michigan;110S2F715;Summer;July;2015;Free;MM110;Surface
110S2-815_rep4.fcs;FACS;Michigan;110S2F815;Summer;August;2015;Free;MM110;Surface
110S2-815_rep5.fcs;FACS;Michigan;110S2F815;Summer;August;2015;Free;MM110;Surface
110S2-815_rep6.fcs;FACS;Michigan;110S2F815;Summer;August;2015;Free;MM110;Surface
110S2-115-2_rep4.fcs;FACS;Michigan;110S2F115;Winter;Januari;2015;Free;MM110;Surface
110S2-115-2_rep5.fcs;FACS;Michigan;110S2F115;Winter;Januari;2015;Free;MM110;Surface
110S2-115-2_rep6.fcs;FACS;Michigan;110S2F115;Winter;Januari;2015;Free;MM110;Surface
110S2-915-2_rep4.fcs;FACS;Michigan;110S2F915;Fall;September;2015;Free;MM110;Surface
110S2-915-2_rep5.fcs;FACS;Michigan;110S2F915;Fall;September;2015;Free;MM110;Surface
110S2-915-2_rep6.fcs;FACS;Michigan;110S2F915;Fall;September;2015;Free;MM110;Surface
M45D2-1015-1_rep4.fcs;FACS;Michigan;M45D2F1015;Fall;October;2015;Free;MM45;Deep
M45D2-1015-1_rep5.fcs;FACS;Michigan;M45D2F1015;Fall;October;2015;Free;MM45;Deep
M45D2-1015-1_rep6.fcs;FACS;Michigan;M45D2F1015;Fall;October;2015;Free;MM45;Deep
M45D2-115-2_rep4.fcs;FACS;Michigan;M45D2F115;Winter;Januari;2015;Free;MM45;Deep
M45D2-115-2_rep5.fcs;FACS;Michigan;M45D2F115;Winter;Januari;2015;Free;MM45;Deep
M45D2-115-2_rep6.fcs;FACS;Michigan;M45D2F115;Winter;Januari;2015;Free;MM45;Deep
M45D2-415-2_rep4.fcs;FACS;Michigan;M45D2F415;Spring;April;2015;Free;MM45;Deep
M45D2-415-2_rep5.fcs;FACS;Michigan;M45D2F415;Spring;April;2015;Free;MM45;Deep
M45D2-415-2_rep6.fcs;FACS;Michigan;M45D2F415;Spring;April;2015;Free;MM45;Deep
M45D2-515_rep4.fcs;FACS;Michigan;M45D2F515;Spring;May;2015;Free;MM45;Deep
M45D2-515_rep5.fcs;FACS;Michigan;M45D2F515;Spring;May;2015;Free;MM45;Deep
M45D2-515_rep6.fcs;FACS;Michigan;M45D2F515;Spring;May;2015;Free;MM45;Deep
M45D2-715-2_rep4.fcs;FACS;Michigan;M45D2F715;Summer;July;2015;Free;MM45;Deep
M45D2-715-2_rep5.fcs;FACS;Michigan;M45D2F715;Summer;July;2015;Free;MM45;Deep
M45D2-715-2_rep6.fcs;FACS;Michigan;M45D2F715;Summer;July;2015;Free;MM45;Deep
M45D2-815_rep4.fcs;FACS;Michigan;M45D2F815;Summer;August;2015;Free;MM45;Deep
M45D2-815_rep5.fcs;FACS;Michigan;M45D2F815;Summer;August;2015;Free;MM45;Deep
M45D2-815_rep6.fcs;FACS;Michigan;M45D2F815;Summer;August;2015;Free;MM45;Deep
M45D2-915-2_rep4.fcs;FACS;Michigan;M45D2F915;Fall;September;2015;Free;MM45;Deep
M45D2-915-2_rep5.fcs;FACS;Michigan;M45D2F915;Fall;September;2015;Free;MM45;Deep
M45D2-915-2_rep6.fcs;FACS;Michigan;M45D2F915;Fall;September;2015;Free;MM45;Deep
M45S1-115-1_rep4.fcs;FACS;Michigan;M45S1F115;Winter;Januari;2015;Free;MM45;Surface
M45S1-115-1_rep5.fcs;FACS;Michigan;M45S1F115;Winter;Januari;2015;Free;MM45;Surface
M45S1-115-1_rep6.fcs;FACS;Michigan;M45S1F115;Winter;Januari;2015;Free;MM45;Surface
M45S2-1015-2_rep4.fcs;FACS;Michigan;M45S2F1015;Fall;October;2015;Free;MM45;Surface
M45S2-1015-2_rep5.fcs;FACS;Michigan;M45S2F1015;Fall;October;2015;Free;MM45;Surface
M45S2-1015-2_rep6.fcs;FACS;Michigan;M45S2F1015;Fall;October;2015;Free;MM45;Surface
M45S2-415-2_rep4.fcs;FACS;Michigan;M45S2F415;Spring;April;2015;Free;MM45;Surface
M45S2-415-2_rep5.fcs;FACS;Michigan;M45S2F415;Spring;April;2015;Free;MM45;Surface
M45S2-415-2_rep6.fcs;FACS;Michigan;M45S2F415;Spring;April;2015;Free;MM45;Surface
M45S2-515-DMSO_rep4.fcs;FACS;Michigan;M45S2F515;Spring;May;2015;Free;MM45;Surface
M45S2-515-DMSO_rep5.fcs;FACS;Michigan;M45S2F515;Spring;May;2015;Free;MM45;Surface
M45S2-515-DMSO_rep6.fcs;FACS;Michigan;M45S2F515;Spring;May;2015;Free;MM45;Surface
M45S2-715-2_rep4.fcs;FACS;Michigan;M45S2F715;Summer;July;2015;Free;MM45;Surface
M45S2-715-2_rep5.fcs;FACS;Michigan;M45S2F715;Summer;July;2015;Free;MM45;Surface
M45S2-715-2_rep6.fcs;FACS;Michigan;M45S2F715;Summer;July;2015;Free;MM45;Surface
M45S2-815_rep4.fcs;FACS;Michigan;M45S2F815;Summer;August;2015;Free;MM45;Surface
M45S2-815_rep5.fcs;FACS;Michigan;M45S2F815;Summer;August;2015;Free;MM45;Surface
M45S2-815_rep6.fcs;FACS;Michigan;M45S2F815;Summer;August;2015;Free;MM45;Surface
M45S2-915-2_rep4.fcs;FACS;Michigan;M45S2F915;Fall;September;2015;Free;MM45;Surface
M45S2-915-2_rep5.fcs;FACS;Michigan;M45S2F915;Fall;September;2015;Free;MM45;Surface
M45S2-915-2_rep6.fcs;FACS;Michigan;M45S2F915;Fall;September;2015;Free;MM45;Surface
M15S1-415-2_rep4.fcs;FACS;Michigan;M15S1F415;Spring;April;2015;Free;MM15;Surface
M15S1-415-2_rep5.fcs;FACS;Michigan;M15S1F415;Spring;April;2015;Free;MM15;Surface
M15S1-415-2_rep6.fcs;FACS;Michigan;M15S1F415;Spring;April;2015;Free;MM15;Surface
M15S2-1015-2_rep4.fcs;FACS;Michigan;M15S2F1015;Fall;October;2015;Free;MM15;Surface
M15S2-1015-2_rep5.fcs;FACS;Michigan;M15S2F1015;Fall;October;2015;Free;MM15;Surface
M15S2-1015-2_rep6.fcs;FACS;Michigan;M15S2F1015;Fall;October;2015;Free;MM15;Surface
M15S2-115-2_rep4.fcs;FACS;Michigan;M15S2F115;Winter;Januari;2015;Free;MM15;Surface
M15S2-115-2_rep5.fcs;FACS;Michigan;M15S2F115;Winter;Januari;2015;Free;MM15;Surface
M15S2-115-2_rep6.fcs;FACS;Michigan;M15S2F115;Winter;Januari;2015;Free;MM15;Surface
M15S2-515-DMSO_rep4.fcs;FACS;Michigan;M15S2F515;Spring;May;2015;Free;MM15;Surface
M15S2-515-DMSO_rep5.fcs;FACS;Michigan;M15S2F515;Spring;May;2015;Free;MM15;Surface
M15S2-515-DMSO_rep6.fcs;FACS;Michigan;M15S2F515;Spring;May;2015;Free;MM15;Surface
M15S2-715-2_rep4.fcs;FACS;Michigan;M15S2F715;Summer;July;2015;Free;MM15;Surface
M15S2-715-2_rep5.fcs;FACS;Michigan;M15S2F715;Summer;July;2015;Free;MM15;Surface
M15S2-715-2_rep6.fcs;FACS;Michigan;M15S2F715;Summer;July;2015;Free;MM15;Surface
M15S2-815_rep4.fcs;FACS;Michigan;M15S2F815;Summer;August;2015;Free;MM15;Surface
M15S2-815_rep5.fcs;FACS;Michigan;M15S2F815;Summer;August;2015;Free;MM15;Surface
M15S2-815_rep6.fcs;FACS;Michigan;M15S2F815;Summer;August;2015;Free;MM15;Surface
M15S2-915-2_rep4.fcs;FACS;Michigan;M15S2F915;Fall;September;2015;Free;MM15;Surface
M15S2-915-2_rep5.fcs;FACS;Michigan;M15S2F915;Fall;September;2015;Free;MM15;Surface
M15S2-915-2_rep6.fcs;FACS;Michigan;M15S2F915;Fall;September;2015;Free;MM15;Surface
MLB-915-2_rep4.fcs;FACS;Michigan;MLBD2F915;Fall;September;2015;Free;MLB;Deep
MLB-915-2_rep5.fcs;FACS;Michigan;MLBD2F915;Fall;September;2015;Free;MLB;Deep
MLB-915-2_rep6.fcs;FACS;Michigan;MLBD2F915;Fall;September;2015;Free;MLB;Deep
MLBD2-1015-2_rep4.fcs;FACS;Michigan;MLBD2F1015;Fall;October;2015;Free;MLB;Deep
MLBD2-1015-2_rep5.fcs;FACS;Michigan;MLBD2F1015;Fall;October;2015;Free;MLB;Deep
MLBD2-1015-2_rep6.fcs;FACS;Michigan;MLBD2F1015;Fall;October;2015;Free;MLB;Deep
MLBD2-115-2_rep4.fcs;FACS;Michigan;MLBD2F115;Winter;Januari;2015;Free;MLB;Deep
MLBD2-115-2_rep5.fcs;FACS;Michigan;MLBD2F115;Winter;Januari;2015;Free;MLB;Deep
MLBD2-115-2_rep6.fcs;FACS;Michigan;MLBD2F115;Winter;Januari;2015;Free;MLB;Deep
MLBD2-415-2_rep4.fcs;FACS;Michigan;MLBD2F415;Spring;April;2015;Free;MLB;Deep
MLBD2-415-2_rep5.fcs;FACS;Michigan;MLBD2F415;Spring;April;2015;Free;MLB;Deep
MLBD2-415-2_rep6.fcs;FACS;Michigan;MLBD2F415;Spring;April;2015;Free;MLB;Deep
MLBD2-515-DMSO_rep4.fcs;FACS;Michigan;MLBD2F515;Spring;May;2015;Free;MLB;Deep
MLBD2-515-DMSO_rep5.fcs;FACS;Michigan;MLBD2F515;Spring;May;2015;Free;MLB;Deep
MLBD2-515-DMSO_rep6.fcs;FACS;Michigan;MLBD2F515;Spring;May;2015;Free;MLB;Deep
MLBD2-715-2_rep4.fcs;FACS;Michigan;MLBD2F715;Summer;July;2015;Free;MLB;Deep
MLBD2-715-2_rep5.fcs;FACS;Michigan;MLBD2F715;Summer;July;2015;Free;MLB;Deep
MLBD2-715-2_rep6.fcs;FACS;Michigan;MLBD2F715;Summer;July;2015;Free;MLB;Deep
MLBD2-815_rep4.fcs;FACS;Michigan;MLBD2F815;Summer;August;2015;Free;MLB;Deep
MLBD2-815_rep5.fcs;FACS;Michigan;MLBD2F815;Summer;August;2015;Free;MLB;Deep
MLBD2-815_rep6.fcs;FACS;Michigan;MLBD2F815;Summer;August;2015;Free;MLB;Deep
MLBS1-415-2_rep4.fcs;FACS;Michigan;MLBS1F415;Spring;April;2015;Free;MLB;Surface
MLBS1-415-2_rep5.fcs;FACS;Michigan;MLBS1F415;Spring;April;2015;Free;MLB;Surface
MLBS1-415-2_rep6.fcs;FACS;Michigan;MLBS1F415;Spring;April;2015;Free;MLB;Surface
MLBS2-1015-2_rep4.fcs;FACS;Michigan;MLBS2F1015;Fall;October;2015;Free;MLB;Surface
MLBS2-1015-2_rep5.fcs;FACS;Michigan;MLBS2F1015;Fall;October;2015;Free;MLB;Surface
MLBS2-1015-2_rep6.fcs;FACS;Michigan;MLBS2F1015;Fall;October;2015;Free;MLB;Surface
MLBS2-115-2_rep4.fcs;FACS;Michigan;MLBS2F115;Winter;Januari;2015;Free;MLB;Surface
MLBS2-115-2_rep5.fcs;FACS;Michigan;MLBS2F115;Winter;Januari;2015;Free;MLB;Surface
MLBS2-115-2_rep6.fcs;FACS;Michigan;MLBS2F115;Winter;Januari;2015;Free;MLB;Surface
MLBS2-515-DMSO_rep4.fcs;FACS;Michigan;MLBS2F515;Spring;May;2015;Free;MLB;Surface
MLBS2-515-DMSO_rep5.fcs;FACS;Michigan;MLBS2F515;Spring;May;2015;Free;MLB;Surface
MLBS2-515-DMSO_rep6.fcs;FACS;Michigan;MLBS2F515;Spring;May;2015;Free;MLB;Surface
MLBS2-715-2_rep4.fcs;FACS;Michigan;MLBS2F715;Summer;July;2015;Free;MLB;Surface
MLBS2-715-2_rep5.fcs;FACS;Michigan;MLBS2F715;Summer;July;2015;Free;MLB;Surface
MLBS2-715-2_rep6.fcs;FACS;Michigan;MLBS2F715;Summer;July;2015;Free;MLB;Surface
MLBS2-815_rep4.fcs;FACS;Michigan;MLBS2F815;Summer;August;2015;Free;MLB;Surface
MLBS2-815_rep5.fcs;FACS;Michigan;MLBS2F815;Summer;August;2015;Free;MLB;Surface
MLBS2-815_rep6.fcs;FACS;Michigan;MLBS2F815;Summer;August;2015;Free;MLB;Surface
MLBS2-915-2_rep4.fcs;FACS;Michigan;MLBS2F915;Fall;September;2015;Free;MLB;Surface
MLBS2-915-2_rep5.fcs;FACS;Michigan;MLBS2F915;Fall;September;2015;Free;MLB;Surface
MLBS2-915-2_rep6.fcs;FACS;Michigan;MLBS2F915;Fall;September;2015;Free;MLB;Surface
MBRE1-714_rep1.fcs;Accuri;Muskegon;MBRE1F714;Summer;July;2014;Free;MBR;Surface
MBRE1-714_rep2.fcs;Accuri;Muskegon;MBRE1F714;Summer;July;2014;Free;MBR;Surface
MBRE1-714_rep3.fcs;Accuri;Muskegon;MBRE1F714;Summer;July;2014;Free;MBR;Surface
MBRE1-715_rep1.fcs;Accuri;Muskegon;MBRE1F715;Summer;July;2015;Free;MBR;Surface
MBRE1-715_rep2.fcs;Accuri;Muskegon;MBRE1F715;Summer;July;2015;Free;MBR;Surface
MBRE1-715_rep3.fcs;Accuri;Muskegon;MBRE1F715;Summer;July;2015;Free;MBR;Surface
MBRE1-914_rep1.fcs;Accuri;Muskegon;MBRE1F914;Fall;September;2014;Free;MBR;Surface
MBRE1-914_rep2.fcs;Accuri;Muskegon;MBRE1F914;Fall;September;2014;Free;MBR;Surface
MBRE1-914_rep3.fcs;Accuri;Muskegon;MBRE1F914;Fall;September;2014;Free;MBR;Surface
MBRE2-515_rep1.fcs;Accuri;Muskegon;MBRE2F515;Spring;May;2015;Free;MBR;Surface
MBRE2-515_rep2.fcs;Accuri;Muskegon;MBRE2F515;Spring;May;2015;Free;MBR;Surface
MBRE2-515_rep3.fcs;Accuri;Muskegon;MBRE2F515;Spring;May;2015;Free;MBR;Surface
MBRE2-915_rep1.fcs;Accuri;Muskegon;MBRE2F915;Fall;September;2015;Free;MBR;Surface
MBRE2-915_rep2.fcs;Accuri;Muskegon;MBRE2F915;Fall;September;2015;Free;MBR;Surface
MBRE2-915_rep3.fcs;Accuri;Muskegon;MBRE2F915;Fall;September;2015;Free;MBR;Surface
MBRH1-714_rep1.fcs;Accuri;Muskegon;MBRH1F714;Summer;July;2014;Free;MBR;Deep
MBRH1-714_rep2.fcs;Accuri;Muskegon;MBRH1F714;Summer;July;2014;Free;MBR;Deep
MBRH1-714_rep3.fcs;Accuri;Muskegon;MBRH1F714;Summer;July;2014;Free;MBR;Deep
MBRH1-914_rep1.fcs;Accuri;Muskegon;MBRH1F914;Fall;September;2014;Free;MBR;Deep
MBRH1-914_rep2.fcs;Accuri;Muskegon;MBRH1F914;Fall;September;2014;Free;MBR;Deep
MBRH1-914_rep3.fcs;Accuri;Muskegon;MBRH1F914;Fall;September;2014;Free;MBR;Deep
MBRH2-515_rep1.fcs;Accuri;Muskegon;MBRH2F515;Spring;May;2015;Free;MBR;Deep
MBRH2-515_rep2.fcs;Accuri;Muskegon;MBRH2F515;Spring;May;2015;Free;MBR;Deep
MBRH2-515_rep3.fcs;Accuri;Muskegon;MBRH2F515;Spring;May;2015;Free;MBR;Deep
MBRH2-915_rep1.fcs;Accuri;Muskegon;MBRH2F915;Fall;September;2015;Free;MBR;Deep
MBRH2-915_rep2.fcs;Accuri;Muskegon;MBRH2F915;Fall;September;2015;Free;MBR;Deep
MBRH2-915_rep3.fcs;Accuri;Muskegon;MBRH2F915;Fall;September;2015;Free;MBR;Deep
MDPE1-714_rep1.fcs;Accuri;Muskegon;MDPE1F714;Summer;July;2014;Free;MDP;Surface
MDPE1-714_rep2.fcs;Accuri;Muskegon;MDPE1F714;Summer;July;2014;Free;MDP;Surface
MDPE1-714_rep3.fcs;Accuri;Muskegon;MDPE1F714;Summer;July;2014;Free;MDP;Surface
MDPE1-715_rep1.fcs;Accuri;Muskegon;MDPE1F715;Summer;July;2015;Free;MDP;Surface
MDPE1-715_rep2.fcs;Accuri;Muskegon;MDPE1F715;Summer;July;2015;Free;MDP;Surface
MDPE1-715_rep3.fcs;Accuri;Muskegon;MDPE1F715;Summer;July;2015;Free;MDP;Surface
MDPE1-914_rep1.fcs;Accuri;Muskegon;MDPE1F914;Fall;September;2014;Free;MDP;Surface
MDPE1-914_rep2.fcs;Accuri;Muskegon;MDPE1F914;Fall;September;2014;Free;MDP;Surface
MDPE1-914_rep3.fcs;Accuri;Muskegon;MDPE1F914;Fall;September;2014;Free;MDP;Surface
MDPE2-515_rep1.fcs;Accuri;Muskegon;MDPE2F515;Spring;May;2015;Free;MDP;Surface
MDPE2-515_rep2.fcs;Accuri;Muskegon;MDPE2F515;Spring;May;2015;Free;MDP;Surface
MDPE2-515_rep3.fcs;Accuri;Muskegon;MDPE2F515;Spring;May;2015;Free;MDP;Surface
MDPE2-915_rep1.fcs;Accuri;Muskegon;MDPE2F915;Fall;September;2015;Free;MDP;Surface
MDPE2-915_rep2.fcs;Accuri;Muskegon;MDPE2F915;Fall;September;2015;Free;MDP;Surface
MDPE2-915_rep3.fcs;Accuri;Muskegon;MDPE2F915;Fall;September;2015;Free;MDP;Surface
MDPH1-714_rep1.fcs;Accuri;Muskegon;MDPH1F714;Summer;July;2014;Free;MDP;Deep
MDPH1-714_rep2.fcs;Accuri;Muskegon;MDPH1F714;Summer;July;2014;Free;MDP;Deep
MDPH1-714_rep3.fcs;Accuri;Muskegon;MDPH1F714;Summer;July;2014;Free;MDP;Deep
MDPH1-715_rep1.fcs;Accuri;Muskegon;MDPH1F715;Summer;July;2015;Free;MDP;Deep
MDPH1-715_rep2.fcs;Accuri;Muskegon;MDPH1F715;Summer;July;2015;Free;MDP;Deep
MDPH1-715_rep3.fcs;Accuri;Muskegon;MDPH1F715;Summer;July;2015;Free;MDP;Deep
MDPH1-914_rep1.fcs;Accuri;Muskegon;MDPH1F914;Fall;September;2014;Free;MDP;Deep
MDPH1-914_rep2.fcs;Accuri;Muskegon;MDPH1F914;Fall;September;2014;Free;MDP;Deep
MDPH1-914_rep3.fcs;Accuri;Muskegon;MDPH1F914;Fall;September;2014;Free;MDP;Deep
MDPH2-515_rep1.fcs;Accuri;Muskegon;MDPH2F515;Spring;May;2015;Free;MDP;Deep
MDPH2-515_rep2.fcs;Accuri;Muskegon;MDPH2F515;Spring;May;2015;Free;MDP;Deep
MDPH2-515_rep3.fcs;Accuri;Muskegon;MDPH2F515;Spring;May;2015;Free;MDP;Deep
MDPH2-915_rep1.fcs;Accuri;Muskegon;MDPH2F915;Fall;September;2015;Free;MDP;Deep
MDPH2-915_rep2.fcs;Accuri;Muskegon;MDPH2F915;Fall;September;2015;Free;MDP;Deep
MDPH2-915_rep3.fcs;Accuri;Muskegon;MDPH2F915;Fall;September;2015;Free;MDP;Deep
MINE1-714_rep1.fcs;Accuri;Muskegon;MINE1F714;Summer;July;2014;Free;MIN;Surface
MINE1-714_rep2.fcs;Accuri;Muskegon;MINE1F714;Summer;July;2014;Free;MIN;Surface
MINE1-714_rep3.fcs;Accuri;Muskegon;MINE1F714;Summer;July;2014;Free;MIN;Surface
MINE1-715_rep1.fcs;Accuri;Muskegon;MINE1F715;Summer;July;2015;Free;MIN;Surface
MINE1-715_rep2.fcs;Accuri;Muskegon;MINE1F715;Summer;July;2015;Free;MIN;Surface
MINE1-715_rep3.fcs;Accuri;Muskegon;MINE1F715;Summer;July;2015;Free;MIN;Surface
MINE1-914_rep1.fcs;Accuri;Muskegon;MINE1F914;Fall;September;2014;Free;MIN;Surface
MINE1-914_rep2.fcs;Accuri;Muskegon;MINE1F914;Fall;September;2014;Free;MIN;Surface
MINE1-914_rep3.fcs;Accuri;Muskegon;MINE1F914;Fall;September;2014;Free;MIN;Surface
MINE2-515_rep1.fcs;Accuri;Muskegon;MINE2F515;Spring;May;2015;Free;MIN;Surface
MINE2-515_rep2.fcs;Accuri;Muskegon;MINE2F515;Spring;May;2015;Free;MIN;Surface
MINE2-515_rep3.fcs;Accuri;Muskegon;MINE2F515;Spring;May;2015;Free;MIN;Surface
MINE2-915_rep1.fcs;Accuri;Muskegon;MINE2F915;Fall;September;2015;Free;MIN;Surface
MINE2-915_rep2.fcs;Accuri;Muskegon;MINE2F915;Fall;September;2015;Free;MIN;Surface
MINE2-915_rep3.fcs;Accuri;Muskegon;MINE2F915;Fall;September;2015;Free;MIN;Surface
MINH1-714_rep1.fcs;Accuri;Muskegon;MINH1F714;Summer;July;2014;Free;MIN;Deep
MINH1-714_rep2.fcs;Accuri;Muskegon;MINH1F714;Summer;July;2014;Free;MIN;Deep
MINH1-714_rep3.fcs;Accuri;Muskegon;MINH1F714;Summer;July;2014;Free;MIN;Deep
MINH1-715_rep1.fcs;Accuri;Muskegon;MINH1F715;Summer;July;2015;Free;MIN;Deep
MINH1-715_rep2.fcs;Accuri;Muskegon;MINH1F715;Summer;July;2015;Free;MIN;Deep
MINH1-715_rep3.fcs;Accuri;Muskegon;MINH1F715;Summer;July;2015;Free;MIN;Deep
MINH1-914_rep1.fcs;Accuri;Muskegon;MINH1F914;Fall;September;2014;Free;MIN;Deep
MINH1-914_rep2.fcs;Accuri;Muskegon;MINH1F914;Fall;September;2014;Free;MIN;Deep
MINH1-914_rep3.fcs;Accuri;Muskegon;MINH1F914;Fall;September;2014;Free;MIN;Deep
MINH2-515_rep1.fcs;Accuri;Muskegon;MINH2F515;Spring;May;2015;Free;MIN;Deep
MINH2-515_rep2.fcs;Accuri;Muskegon;MINH2F515;Spring;May;2015;Free;MIN;Deep
MINH2-515_rep3.fcs;Accuri;Muskegon;MINH2F515;Spring;May;2015;Free;MIN;Deep
MINH2-915_rep1.fcs;Accuri;Muskegon;MINH2F915;Fall;September;2015;Free;MIN;Deep
MINH2-915_rep2.fcs;Accuri;Muskegon;MINH2F915;Fall;September;2015;Free;MIN;Deep
MINH2-915_rep3.fcs;Accuri;Muskegon;MINH2F915;Fall;September;2015;Free;MIN;Deep
MOTE1-714_rep1.fcs;Accuri;Muskegon;MOTE1F714;Summer;July;2014;Free;MOT;Surface
MOTE1-714_rep2.fcs;Accuri;Muskegon;MOTE1F714;Summer;July;2014;Free;MOT;Surface
MOTE1-714_rep3.fcs;Accuri;Muskegon;MOTE1F714;Summer;July;2014;Free;MOT;Surface
MOTE1-715_rep1.fcs;Accuri;Muskegon;MOTE1F715;Summer;July;2015;Free;MOT;Surface
MOTE1-715_rep2.fcs;Accuri;Muskegon;MOTE1F715;Summer;July;2015;Free;MOT;Surface
MOTE1-715_rep3.fcs;Accuri;Muskegon;MOTE1F715;Summer;July;2015;Free;MOT;Surface
MOTE1-914_rep1.fcs;Accuri;Muskegon;MOTE1F914;Fall;September;2014;Free;MOT;Surface
MOTE1-914_rep2.fcs;Accuri;Muskegon;MOTE1F914;Fall;September;2014;Free;MOT;Surface
MOTE1-914_rep3.fcs;Accuri;Muskegon;MOTE1F914;Fall;September;2014;Free;MOT;Surface
MOTE2-515_rep1.fcs;Accuri;Muskegon;MOTE2F515;Spring;May;2015;Free;MOT;Surface
MOTE2-515_rep2.fcs;Accuri;Muskegon;MOTE2F515;Spring;May;2015;Free;MOT;Surface
MOTE2-515_rep3.fcs;Accuri;Muskegon;MOTE2F515;Spring;May;2015;Free;MOT;Surface
MOTE2-915_rep1.fcs;Accuri;Muskegon;MOTE2F915;Fall;September;2015;Free;MOT;Surface
MOTE2-915_rep2.fcs;Accuri;Muskegon;MOTE2F915;Fall;September;2015;Free;MOT;Surface
MOTE2-915_rep3.fcs;Accuri;Muskegon;MOTE2F915;Fall;September;2015;Free;MOT;Surface
MOTH-915_rep1.fcs;Accuri;Muskegon;MOTH1F915;Fall;September;2015;Free;MOT;Deep
MOTH-915_rep2.fcs;Accuri;Muskegon;MOTH1F915;Fall;September;2015;Free;MOT;Deep
MOTH-915_rep3.fcs;Accuri;Muskegon;MOTH1F915;Fall;September;2015;Free;MOT;Deep
MOTH1-714_rep1.fcs;Accuri;Muskegon;MOTH1F714;Summer;July;2014;Free;MOT;Deep
MOTH1-714_rep2.fcs;Accuri;Muskegon;MOTH1F714;Summer;July;2014;Free;MOT;Deep
MOTH1-714_rep3.fcs;Accuri;Muskegon;MOTH1F714;Summer;July;2014;Free;MOT;Deep
MOTH1-715_rep1.fcs;Accuri;Muskegon;MOTH1F715;Summer;July;2015;Free;MOT;Deep
MOTH1-715_rep2.fcs;Accuri;Muskegon;MOTH1F715;Summer;July;2015;Free;MOT;Deep
MOTH1-715_rep3.fcs;Accuri;Muskegon;MOTH1F715;Summer;July;2015;Free;MOT;Deep
MOTH1-914_rep1.fcs;Accuri;Muskegon;MOTH1F914;Fall;September;2014;Free;MOT;Deep
MOTH1-914_rep2.fcs;Accuri;Muskegon;MOTH1F914;Fall;September;2014;Free;MOT;Deep
MOTH1-914_rep3.fcs;Accuri;Muskegon;MOTH1F914;Fall;September;2014;Free;MOT;Deep
MOTH2-515_rep1.fcs;Accuri;Muskegon;MOTH2F515;Spring;May;2015;Free;MOT;Deep
MOTH2-515_rep2.fcs;Accuri;Muskegon;MOTH2F515;Spring;May;2015;Free;MOT;Deep
MOTH2-515_rep3.fcs;Accuri;Muskegon;MOTH2F515;Spring;May;2015;Free;MOT;Deep
MRBH1-715_rep1.fcs;Accuri;Muskegon;MBRH1F715;Summer;July;2015;Free;MBR;Deep
MRBH1-715_rep2.fcs;Accuri;Muskegon;MBRH1F715;Summer;July;2015;Free;MBR;Deep
MRBH1-715_rep3.fcs;Accuri;Muskegon;MBRH1F715;Summer;July;2015;Free;MBR;Deep
MUSDEPE1-epi-deep-514_rep1.fcs;Accuri;Muskegon;MDPE1F514;Spring;May;2014;Free;MDP;Surface
MUSDEPE1-epi-deep-514_rep2.fcs;Accuri;Muskegon;MDPE1F514;Spring;May;2014;Free;MDP;Surface
MUSDEPE1-epi-deep-514_rep3.fcs;Accuri;Muskegon;MDPE1F514;Spring;May;2014;Free;MDP;Surface
MUSDEPH-hypo-deep-514_rep1.fcs;Accuri;Muskegon;MDPH2F514;Spring;May;2014;Free;MDP;Deep
MUSDEPH-hypo-deep-514_rep2.fcs;Accuri;Muskegon;MDPH2F514;Spring;May;2014;Free;MDP;Deep
MUSDEPH-hypo-deep-514_rep3.fcs;Accuri;Muskegon;MDPH2F514;Spring;May;2014;Free;MDP;Deep
MUSINLE1-epi-inlet-514_rep1.fcs;Accuri;Muskegon;MINE1F514;Spring;May;2014;Free;MIN;Surface
MUSINLE1-epi-inlet-514_rep2.fcs;Accuri;Muskegon;MINE1F514;Spring;May;2014;Free;MIN;Surface
MUSINLE1-epi-inlet-514_rep3.fcs;Accuri;Muskegon;MINE1F514;Spring;May;2014;Free;MIN;Surface
MUSINLH1-hypo-inlet-514_rep1.fcs;Accuri;Muskegon;MINH1F514;Spring;May;2014;Free;MIN;Deep
MUSINLH1-hypo-inlet-514_rep2.fcs;Accuri;Muskegon;MINH1F514;Spring;May;2014;Free;MIN;Deep
MUSINLH1-hypo-inlet-514_rep3.fcs;Accuri;Muskegon;MINH1F514;Spring;May;2014;Free;MIN;Deep
MUSOUTE1-epi-outlet-514_rep1.fcs;Accuri;Muskegon;MOTE1F514;Spring;May;2014;Free;MOT;Surface
MUSOUTE1-epi-outlet-514_rep2.fcs;Accuri;Muskegon;MOTE1F514;Spring;May;2014;Free;MOT;Surface
MUSOUTE1-epi-outlet-514_rep3.fcs;Accuri;Muskegon;MOTE1F514;Spring;May;2014;Free;MOT;Surface
MUSOUTH-hypo-outlet-514_rep1.fcs;Accuri;Muskegon;MOTH2F514;Spring;May;2014;Free;MOT;Deep
MUSOUTH-hypo-outlet-514_rep2.fcs;Accuri;Muskegon;MOTH2F514;Spring;May;2014;Free;MOT;Deep
MUSOUTH-hypo-outlet-514_rep3.fcs;Accuri;Muskegon;MOTH2F514;Spring;May;2014;Free;MOT;Deep
MBRE1-714_rep4.fcs;FACS;Muskegon;MBRE1F714;Summer;July;2014;Free;MBR;Surface
MBRE1-714_rep5.fcs;FACS;Muskegon;MBRE1F714;Summer;July;2014;Free;MBR;Surface
MBRE1-714_rep6.fcs;FACS;Muskegon;MBRE1F714;Summer;July;2014;Free;MBR;Surface
MBRE1-715_rep4.fcs;FACS;Muskegon;MBRE1F715;Summer;July;2015;Free;MBR;Surface
MBRE1-715_rep5.fcs;FACS;Muskegon;MBRE1F715;Summer;July;2015;Free;MBR;Surface
MBRE1-715_rep6.fcs;FACS;Muskegon;MBRE1F715;Summer;July;2015;Free;MBR;Surface
MBRE1-914_rep4.fcs;FACS;Muskegon;MBRE1F914;Fall;September;2014;Free;MBR;Surface
MBRE1-914_rep5.fcs;FACS;Muskegon;MBRE1F914;Fall;September;2014;Free;MBR;Surface
MBRE1-914_rep6.fcs;FACS;Muskegon;MBRE1F914;Fall;September;2014;Free;MBR;Surface
MBRE2-515_rep4.fcs;FACS;Muskegon;MBRE2F515;Spring;May;2015;Free;MBR;Surface
MBRE2-515_rep5.fcs;FACS;Muskegon;MBRE2F515;Spring;May;2015;Free;MBR;Surface
MBRE2-515_rep6.fcs;FACS;Muskegon;MBRE2F515;Spring;May;2015;Free;MBR;Surface
MBRE2-915_rep4.fcs;FACS;Muskegon;MBRE2F915;Fall;September;2015;Free;MBR;Surface
MBRE2-915_rep5.fcs;FACS;Muskegon;MBRE2F915;Fall;September;2015;Free;MBR;Surface
MBRE2-915_rep6.fcs;FACS;Muskegon;MBRE2F915;Fall;September;2015;Free;MBR;Surface
MBRH1-714_rep4.fcs;FACS;Muskegon;MBRH1F714;Summer;July;2014;Free;MBR;Deep
MBRH1-714_rep5.fcs;FACS;Muskegon;MBRH1F714;Summer;July;2014;Free;MBR;Deep
MBRH1-714_rep6.fcs;FACS;Muskegon;MBRH1F714;Summer;July;2014;Free;MBR;Deep
MBRH1-914_rep4.fcs;FACS;Muskegon;MBRH1F914;Fall;September;2014;Free;MBR;Deep
MBRH1-914_rep5.fcs;FACS;Muskegon;MBRH1F914;Fall;September;2014;Free;MBR;Deep
MBRH1-914_rep6.fcs;FACS;Muskegon;MBRH1F914;Fall;September;2014;Free;MBR;Deep
MBRH2-515_rep4.fcs;FACS;Muskegon;MBRH2F515;Spring;May;2015;Free;MBR;Deep
MBRH2-515_rep5.fcs;FACS;Muskegon;MBRH2F515;Spring;May;2015;Free;MBR;Deep
MBRH2-515_rep6.fcs;FACS;Muskegon;MBRH2F515;Spring;May;2015;Free;MBR;Deep
MBRH2-915_rep4.fcs;FACS;Muskegon;MBRH2F915;Fall;September;2015;Free;MBR;Deep
MBRH2-915_rep5.fcs;FACS;Muskegon;MBRH2F915;Fall;September;2015;Free;MBR;Deep
MBRH2-915_rep6.fcs;FACS;Muskegon;MBRH2F915;Fall;September;2015;Free;MBR;Deep
MDPE1-714_rep4.fcs;FACS;Muskegon;MDPE1F714;Summer;July;2014;Free;MDP;Surface
MDPE1-714_rep5.fcs;FACS;Muskegon;MDPE1F714;Summer;July;2014;Free;MDP;Surface
MDPE1-714_rep6.fcs;FACS;Muskegon;MDPE1F714;Summer;July;2014;Free;MDP;Surface
MDPE1-715_rep4.fcs;FACS;Muskegon;MDPE1F715;Summer;July;2015;Free;MDP;Surface
MDPE1-715_rep5.fcs;FACS;Muskegon;MDPE1F715;Summer;July;2015;Free;MDP;Surface
MDPE1-715_rep6.fcs;FACS;Muskegon;MDPE1F715;Summer;July;2015;Free;MDP;Surface
MDPE1-914_rep4.fcs;FACS;Muskegon;MDPE1F914;Fall;September;2014;Free;MDP;Surface
MDPE1-914_rep5.fcs;FACS;Muskegon;MDPE1F914;Fall;September;2014;Free;MDP;Surface
MDPE1-914_rep6.fcs;FACS;Muskegon;MDPE1F914;Fall;September;2014;Free;MDP;Surface
MDPE2-515_rep4.fcs;FACS;Muskegon;MDPE2F515;Spring;May;2015;Free;MDP;Surface
MDPE2-515_rep5.fcs;FACS;Muskegon;MDPE2F515;Spring;May;2015;Free;MDP;Surface
MDPE2-515_rep6.fcs;FACS;Muskegon;MDPE2F515;Spring;May;2015;Free;MDP;Surface
MDPE2-915_rep4.fcs;FACS;Muskegon;MDPE2F915;Fall;September;2015;Free;MDP;Surface
MDPE2-915_rep5.fcs;FACS;Muskegon;MDPE2F915;Fall;September;2015;Free;MDP;Surface
MDPE2-915_rep6.fcs;FACS;Muskegon;MDPE2F915;Fall;September;2015;Free;MDP;Surface
MDPH1-714_rep4.fcs;FACS;Muskegon;MDPH1F714;Summer;July;2014;Free;MDP;Deep
MDPH1-714_rep5.fcs;FACS;Muskegon;MDPH1F714;Summer;July;2014;Free;MDP;Deep
MDPH1-714_rep6.fcs;FACS;Muskegon;MDPH1F714;Summer;July;2014;Free;MDP;Deep
MDPH1-715_rep4.fcs;FACS;Muskegon;MDPH1F715;Summer;July;2015;Free;MDP;Deep
MDPH1-715_rep5.fcs;FACS;Muskegon;MDPH1F715;Summer;July;2015;Free;MDP;Deep
MDPH1-715_rep6.fcs;FACS;Muskegon;MDPH1F715;Summer;July;2015;Free;MDP;Deep
MDPH1-914_rep4.fcs;FACS;Muskegon;MDPH1F914;Fall;September;2014;Free;MDP;Deep
MDPH1-914_rep5.fcs;FACS;Muskegon;MDPH1F914;Fall;September;2014;Free;MDP;Deep
MDPH1-914_rep6.fcs;FACS;Muskegon;MDPH1F914;Fall;September;2014;Free;MDP;Deep
MDPH2-515_rep4.fcs;FACS;Muskegon;MDPH2F515;Spring;May;2015;Free;MDP;Deep
MDPH2-515_rep5.fcs;FACS;Muskegon;MDPH2F515;Spring;May;2015;Free;MDP;Deep
MDPH2-515_rep6.fcs;FACS;Muskegon;MDPH2F515;Spring;May;2015;Free;MDP;Deep
MDPH2-915_rep4.fcs;FACS;Muskegon;MDPH2F915;Fall;September;2015;Free;MDP;Deep
MDPH2-915_rep5.fcs;FACS;Muskegon;MDPH2F915;Fall;September;2015;Free;MDP;Deep
MDPH2-915_rep6.fcs;FACS;Muskegon;MDPH2F915;Fall;September;2015;Free;MDP;Deep
MINE1-714_rep4.fcs;FACS;Muskegon;MINE1F714;Summer;July;2014;Free;MIN;Surface
MINE1-714_rep5.fcs;FACS;Muskegon;MINE1F714;Summer;July;2014;Free;MIN;Surface
MINE1-714_rep6.fcs;FACS;Muskegon;MINE1F714;Summer;July;2014;Free;MIN;Surface
MINE1-715_rep4.fcs;FACS;Muskegon;MINE1F715;Summer;July;2015;Free;MIN;Surface
MINE1-715_rep5.fcs;FACS;Muskegon;MINE1F715;Summer;July;2015;Free;MIN;Surface
MINE1-715_rep6.fcs;FACS;Muskegon;MINE1F715;Summer;July;2015;Free;MIN;Surface
MINE1-914_rep4.fcs;FACS;Muskegon;MINE1F914;Fall;September;2014;Free;MIN;Surface
MINE1-914_rep5.fcs;FACS;Muskegon;MINE1F914;Fall;September;2014;Free;MIN;Surface
MINE1-914_rep6.fcs;FACS;Muskegon;MINE1F914;Fall;September;2014;Free;MIN;Surface
MINE2-515_rep4.fcs;FACS;Muskegon;MINE2F515;Spring;May;2015;Free;MIN;Surface
MINE2-515_rep5.fcs;FACS;Muskegon;MINE2F515;Spring;May;2015;Free;MIN;Surface
MINE2-515_rep6.fcs;FACS;Muskegon;MINE2F515;Spring;May;2015;Free;MIN;Surface
MINE2-915_rep4.fcs;FACS;Muskegon;MINE2F915;Fall;September;2015;Free;MIN;Surface
MINE2-915_rep5.fcs;FACS;Muskegon;MINE2F915;Fall;September;2015;Free;MIN;Surface
MINE2-915_rep6.fcs;FACS;Muskegon;MINE2F915;Fall;September;2015;Free;MIN;Surface
MINH1-714_rep4.fcs;FACS;Muskegon;MINH1F714;Summer;July;2014;Free;MIN;Deep
MINH1-714_rep5.fcs;FACS;Muskegon;MINH1F714;Summer;July;2014;Free;MIN;Deep
MINH1-714_rep6.fcs;FACS;Muskegon;MINH1F714;Summer;July;2014;Free;MIN;Deep
MINH1-715_rep4.fcs;FACS;Muskegon;MINH1F715;Summer;July;2015;Free;MIN;Deep
MINH1-715_rep5.fcs;FACS;Muskegon;MINH1F715;Summer;July;2015;Free;MIN;Deep
MINH1-715_rep6.fcs;FACS;Muskegon;MINH1F715;Summer;July;2015;Free;MIN;Deep
MINH1-914_rep4.fcs;FACS;Muskegon;MINH1F914;Fall;September;2014;Free;MIN;Deep
MINH1-914_rep5.fcs;FACS;Muskegon;MINH1F914;Fall;September;2014;Free;MIN;Deep
MINH1-914_rep6.fcs;FACS;Muskegon;MINH1F914;Fall;September;2014;Free;MIN;Deep
MINH2-515_rep4.fcs;FACS;Muskegon;MINH2F515;Spring;May;2015;Free;MIN;Deep
MINH2-515_rep5.fcs;FACS;Muskegon;MINH2F515;Spring;May;2015;Free;MIN;Deep
MINH2-515_rep6.fcs;FACS;Muskegon;MINH2F515;Spring;May;2015;Free;MIN;Deep
MINH2-915_rep4.fcs;FACS;Muskegon;MINH2F915;Fall;September;2015;Free;MIN;Deep
MINH2-915_rep5.fcs;FACS;Muskegon;MINH2F915;Fall;September;2015;Free;MIN;Deep
MINH2-915_rep6.fcs;FACS;Muskegon;MINH2F915;Fall;September;2015;Free;MIN;Deep
MOTE1-714_rep4.fcs;FACS;Muskegon;MOTE1F714;Summer;July;2014;Free;MOT;Surface
MOTE1-714_rep5.fcs;FACS;Muskegon;MOTE1F714;Summer;July;2014;Free;MOT;Surface
MOTE1-714_rep6.fcs;FACS;Muskegon;MOTE1F714;Summer;July;2014;Free;MOT;Surface
MOTE1-715_rep4.fcs;FACS;Muskegon;MOTE1F715;Summer;July;2015;Free;MOT;Surface
MOTE1-715_rep5.fcs;FACS;Muskegon;MOTE1F715;Summer;July;2015;Free;MOT;Surface
MOTE1-715_rep6.fcs;FACS;Muskegon;MOTE1F715;Summer;July;2015;Free;MOT;Surface
MOTE1-914_rep4.fcs;FACS;Muskegon;MOTE1F914;Fall;September;2014;Free;MOT;Surface
MOTE1-914_rep5.fcs;FACS;Muskegon;MOTE1F914;Fall;September;2014;Free;MOT;Surface
MOTE1-914_rep6.fcs;FACS;Muskegon;MOTE1F914;Fall;September;2014;Free;MOT;Surface
MOTE2-515_rep4.fcs;FACS;Muskegon;MOTE2F515;Spring;May;2015;Free;MOT;Surface
MOTE2-515_rep5.fcs;FACS;Muskegon;MOTE2F515;Spring;May;2015;Free;MOT;Surface
MOTE2-515_rep6.fcs;FACS;Muskegon;MOTE2F515;Spring;May;2015;Free;MOT;Surface
MOTE2-915_rep4.fcs;FACS;Muskegon;MOTE2F915;Fall;September;2015;Free;MOT;Surface
MOTE2-915_rep5.fcs;FACS;Muskegon;MOTE2F915;Fall;September;2015;Free;MOT;Surface
MOTE2-915_rep6.fcs;FACS;Muskegon;MOTE2F915;Fall;September;2015;Free;MOT;Surface
MOTH-915_rep4.fcs;FACS;Muskegon;MOTH1F915;Fall;September;2015;Free;MOT;Deep
MOTH-915_rep5.fcs;FACS;Muskegon;MOTH1F915;Fall;September;2015;Free;MOT;Deep
MOTH-915_rep6.fcs;FACS;Muskegon;MOTH1F915;Fall;September;2015;Free;MOT;Deep
MOTH1-714_rep4.fcs;FACS;Muskegon;MOTH1F714;Summer;July;2014;Free;MOT;Deep
MOTH1-714_rep5.fcs;FACS;Muskegon;MOTH1F714;Summer;July;2014;Free;MOT;Deep
MOTH1-714_rep6.fcs;FACS;Muskegon;MOTH1F714;Summer;July;2014;Free;MOT;Deep
MOTH1-715_rep4.fcs;FACS;Muskegon;MOTH1F715;Summer;July;2015;Free;MOT;Deep
MOTH1-715_rep5.fcs;FACS;Muskegon;MOTH1F715;Summer;July;2015;Free;MOT;Deep
MOTH1-715_rep6.fcs;FACS;Muskegon;MOTH1F715;Summer;July;2015;Free;MOT;Deep
MOTH1-914_rep4.fcs;FACS;Muskegon;MOTH1F914;Fall;September;2014;Free;MOT;Deep
MOTH1-914_rep5.fcs;FACS;Muskegon;MOTH1F914;Fall;September;2014;Free;MOT;Deep
MOTH1-914_rep6.fcs;FACS;Muskegon;MOTH1F914;Fall;September;2014;Free;MOT;Deep
MOTH2-515_rep4.fcs;FACS;Muskegon;MOTH2F515;Spring;May;2015;Free;MOT;Deep
MOTH2-515_rep5.fcs;FACS;Muskegon;MOTH2F515;Spring;May;2015;Free;MOT;Deep
MOTH2-515_rep6.fcs;FACS;Muskegon;MOTH2F515;Spring;May;2015;Free;MOT;Deep
MRBH1-715_rep4.fcs;FACS;Muskegon;MBRH1F715;Summer;July;2015;Free;MBR;Deep
MRBH1-715_rep5.fcs;FACS;Muskegon;MBRH1F715;Summer;July;2015;Free;MBR;Deep
MRBH1-715_rep6.fcs;FACS;Muskegon;MBRH1F715;Summer;July;2015;Free;MBR;Deep
MUSDEPE1-epi-deep-514_rep4.fcs;FACS;Muskegon;MDPE1F514;Spring;May;2014;Free;MDP;Surface
MUSDEPE1-epi-deep-514_rep5.fcs;FACS;Muskegon;MDPE1F514;Spring;May;2014;Free;MDP;Surface
MUSDEPE1-epi-deep-514_rep6.fcs;FACS;Muskegon;MDPE1F514;Spring;May;2014;Free;MDP;Surface
MUSDEPH-hypo-deep-514_rep4.fcs;FACS;Muskegon;MDPH2F514;Spring;May;2014;Free;MDP;Deep
MUSDEPH-hypo-deep-514_rep5.fcs;FACS;Muskegon;MDPH2F514;Spring;May;2014;Free;MDP;Deep
MUSDEPH-hypo-deep-514_rep6.fcs;FACS;Muskegon;MDPH2F514;Spring;May;2014;Free;MDP;Deep
MUSINLE1-epi-inlet-514_rep4.fcs;FACS;Muskegon;MINE1F514;Spring;May;2014;Free;MIN;Surface
MUSINLE1-epi-inlet-514_rep5.fcs;FACS;Muskegon;MINE1F514;Spring;May;2014;Free;MIN;Surface
MUSINLE1-epi-inlet-514_rep6.fcs;FACS;Muskegon;MINE1F514;Spring;May;2014;Free;MIN;Surface
MUSINLH1-hypo-inlet-514_rep4.fcs;FACS;Muskegon;MINH1F514;Spring;May;2014;Free;MIN;Deep
MUSINLH1-hypo-inlet-514_rep5.fcs;FACS;Muskegon;MINH1F514;Spring;May;2014;Free;MIN;Deep
MUSINLH1-hypo-inlet-514_rep6.fcs;FACS;Muskegon;MINH1F514;Spring;May;2014;Free;MIN;Deep
MUSOUTE1-epi-outlet-514_rep4.fcs;FACS;Muskegon;MOTE1F514;Spring;May;2014;Free;MOT;Surface
MUSOUTE1-epi-outlet-514_rep5.fcs;FACS;Muskegon;MOTE1F514;Spring;May;2014;Free;MOT;Surface
MUSOUTE1-epi-outlet-514_rep6.fcs;FACS;Muskegon;MOTE1F514;Spring;May;2014;Free;MOT;Surface
MUSOUTH-hypo-outlet-514_rep4.fcs;FACS;Muskegon;MOTH2F514;Spring;May;2014;Free;MOT;Deep
MUSOUTH-hypo-outlet-514_rep5.fcs;FACS;Muskegon;MOTH2F514;Spring;May;2014;Free;MOT;Deep
MUSOUTH-hypo-outlet-514_rep6.fcs;FACS;Muskegon;MOTH2F514;Spring;May;2014;Free;MOT;Deep
